first_name;last_name;birthdate;email;phone;address
Harold;Bell;1987-11-07;hbell0@ezinearticles.com;62-(832)622-7540;0 Monica Drive
Lawrence;Elliott;1990-06-01;lelliott1@instagram.com;351-(801)701-0423;07 4th Hill
Adam;Johnson;1993-03-03;ajohnson2@macromedia.com;86-(721)696-5754;07 Northridge Pass
Cheryl;Harvey;1991-07-31;charvey3@booking.com;86-(376)414-0225;51299 Lillian Lane
Jimmy;Mitchell;1982-11-07;jmitchell4@goo.ne.jp;92-(895)379-8990;949 Shoshone Parkway
Timothy;Adams;1989-07-29;tadams5@columbia.edu;46-(536)153-3671;343 Dorton Avenue
Judy;Frazier;1984-03-14;jfrazier6@ocn.ne.jp;81-(780)552-8233;0 Corscot Lane
Susan;Adams;1991-10-13;sadams7@go.com;93-(701)457-9354;47166 Maryland Drive
Alan;King;1982-11-24;aking8@auda.org.au;7-(521)436-6107;33 Waubesa Road
Anna;Vasquez;1998-10-05;avasquez9@people.com.cn;55-(343)787-5880;90733 Crescent Oaks Hill
Margaret;Holmes;1997-10-19;mholmesa@storify.com;30-(296)313-2592;03 Gerald Point
Larry;Cunningham;1989-10-22;lcunninghamb@alexa.com;86-(876)470-7588;21767 Acker Point
Christopher;Armstrong;1987-01-29;carmstrongc@comsenz.com;33-(940)429-1361;88 Wayridge Lane
Lisa;Cole;1989-05-08;lcoled@thetimes.co.uk;976-(907)183-1775;9 Washington Hill
Howard;Graham;1991-04-06;hgrahame@sciencedaily.com;1-(575)325-7852;03 Alpine Road
Janice;Cox;1996-07-20;jcoxf@spotify.com;976-(797)437-4127;7370 Lien Circle
Christopher;Hall;1993-05-28;challg@furl.net;48-(560)528-3046;75 Gateway Court
Howard;Hamilton;1994-09-01;hhamiltonh@prnewswire.com;55-(804)686-7596;090 Glendale Hill
Gregory;Gilbert;1989-02-22;ggilberti@reverbnation.com;95-(416)596-1752;92296 Sutherland Street
Kathleen;Weaver;1987-08-15;kweaverj@tiny.cc;420-(561)516-7954;800 Badeau Way
Ronald;Harris;1986-12-18;rharrisk@hostgator.com;972-(426)606-4225;9 Carpenter Trail
Carlos;Powell;1983-01-03;cpowelll@blogs.com;48-(280)581-7616;525 Kedzie Junction
Rose;Sullivan;1995-04-22;rsullivanm@google.co.jp;351-(715)843-3777;6 Ludington Point
Philip;Lawrence;1993-04-22;plawrencen@cnbc.com;66-(950)392-6519;205 5th Plaza
Raymond;Gray;1986-06-17;rgrayo@spiegel.de;86-(302)535-8397;813 Carioca Street
Jonathan;Black;1992-08-23;jblackp@amazon.co.jp;1-(252)872-3253;962 Fairview Avenue
Louise;Spencer;1996-07-21;lspencerq@aol.com;46-(737)428-2844;72 Maple Lane
Henry;Burns;1989-06-06;hburnsr@oakley.com;7-(822)128-2450;194 Pearson Court
Andrea;Graham;1994-04-26;agrahams@hatena.ne.jp;62-(464)762-3303;1836 Clarendon Place
Virginia;Diaz;1988-02-06;vdiazt@foxnews.com;86-(367)625-5894;9 Waubesa Crossing
Sarah;Black;1994-11-20;sblacku@bluehost.com;1-(957)176-2049;6689 Fieldstone Road
Carlos;Bowman;1996-09-04;cbowmanv@microsoft.com;509-(333)693-5719;4757 Norway Maple Alley
Scott;Hughes;1993-02-26;shughesw@examiner.com;7-(140)659-4465;8743 Barby Trail
Arthur;Cooper;1994-05-16;acooperx@unicef.org;62-(844)217-4708;3 Rowland Way
Stephen;Willis;1986-06-12;swillisy@etsy.com;57-(517)530-8494;9710 Sheridan Trail
Sean;Porter;1990-10-03;sporterz@sogou.com;420-(727)342-0177;1 Arkansas Parkway
Jane;Clark;1992-02-15;jclark10@nymag.com;55-(485)767-3444;558 Green Plaza
Patricia;Day;1994-06-15;pday11@gov.uk;49-(739)453-1948;002 Carberry Parkway
Samuel;Cole;1985-11-08;scole12@eventbrite.com;382-(749)476-7159;7 Laurel Way
Jane;Griffin;1993-05-10;jgriffin13@shop-pro.jp;62-(604)150-7661;722 Mcbride Place
Mildred;George;1995-10-25;mgeorge14@i2i.jp;62-(862)968-3841;798 Dwight Street
Jonathan;Warren;1982-05-05;jwarren15@barnesandnoble.com;970-(461)189-6494;3 Nelson Circle
Randy;Torres;1995-10-15;rtorres16@army.mil;62-(560)433-3584;5 Anthes Avenue
Michael;Ortiz;1992-02-14;mortiz17@goo.gl;62-(100)883-6970;534 Eggendart Crossing
Arthur;Collins;1992-03-08;acollins18@com.com;1-(812)271-8664;6864 Beilfuss Road
Douglas;Weaver;1981-09-28;dweaver19@merriam-webster.com;33-(984)438-3437;2 Goodland Street
Wayne;Wagner;1987-07-03;wwagner1a@xrea.com;7-(720)477-7886;64 Oxford Plaza
Justin;Morales;1991-09-11;jmorales1b@time.com;27-(803)793-2456;5313 Sheridan Hill
Lawrence;Morrison;1993-11-27;lmorrison1c@infoseek.co.jp;975-(653)173-8587;15585 Clarendon Alley
Rose;Carter;1994-10-18;rcarter1d@mtv.com;63-(432)420-5699;92 Mandrake Park
Julie;Reyes;1984-03-10;jreyes1e@exblog.jp;7-(842)550-1306;65781 Haas Street
Randy;Jacobs;1989-11-06;rjacobs1f@pagesperso-orange.fr;48-(494)507-9377;70858 Shelley Way
Carolyn;Burke;1990-04-10;cburke1g@dropbox.com;48-(395)687-8810;3390 David Place
Bonnie;Torres;1983-11-01;btorres1h@ning.com;7-(816)305-8962;173 Maywood Street
Ryan;Gonzalez;1988-07-11;rgonzalez1i@indiegogo.com;93-(433)306-6048;7904 Alpine Junction
Beverly;Nichols;1984-01-12;bnichols1j@yellowpages.com;420-(225)711-4605;6782 Eagan Point
Peter;Williams;1994-12-22;pwilliams1k@accuweather.com;7-(580)858-8116;709 Northland Terrace
Juan;Ellis;1985-03-28;jellis1l@prnewswire.com;62-(245)303-4818;532 Springview Terrace
Amanda;Olson;1980-11-14;aolson1m@google.com.br;33-(316)971-5270;343 Oak Avenue
Howard;Olson;1982-12-09;holson1n@time.com;62-(976)372-8633;58913 Graceland Parkway
Phyllis;Hughes;1996-02-12;phughes1o@uiuc.edu;86-(604)649-2123;163 Sloan Drive
Paula;Mason;1985-05-23;pmason1p@dailymail.co.uk;86-(745)847-8546;7370 Victoria Park
Kathleen;Ramos;1997-04-08;kramos1q@forbes.com;506-(646)613-8378;2 Dapin Court
Ernest;Stewart;1997-09-17;estewart1r@prlog.org;86-(157)340-5317;7752 Mayer Court
Ruby;Russell;1997-04-04;rrussell1s@shutterfly.com;86-(650)279-7823;78458 Thompson Parkway
Louis;Murray;1993-06-30;lmurray1t@columbia.edu;62-(712)442-9209;063 Michigan Crossing
Anna;Harris;1991-02-02;aharris1u@hao123.com;55-(218)981-0208;2 Hollow Ridge Trail
George;West;1984-04-25;gwest1v@digg.com;63-(170)863-2486;3525 Bunker Hill Alley
Jack;Carroll;1985-02-26;jcarroll1w@icio.us;81-(447)692-8693;125 Ludington Crossing
Cheryl;Mason;1982-01-03;cmason1x@jigsy.com;256-(639)539-1763;8088 Dahle Crossing
Bonnie;Hudson;1991-02-10;bhudson1y@freewebs.com;263-(472)440-8826;8 Pond Point
Janet;Hughes;1998-04-01;jhughes1z@istockphoto.com;86-(756)575-0457;7 Victoria Terrace
Henry;Larson;1997-12-01;hlarson20@chicagotribune.com;374-(637)708-1664;35955 Clarendon Lane
Alan;Martin;1994-11-16;amartin21@yolasite.com;46-(855)733-9806;21 Forest Avenue
Juan;Gilbert;1986-03-09;jgilbert22@amazon.co.jp;48-(420)278-6989;3157 Hooker Park
Frank;Richardson;1985-04-03;frichardson23@sitemeter.com;7-(760)213-9557;29626 Fallview Court
Bobby;Day;1987-12-07;bday24@parallels.com;30-(648)613-6376;77 Anderson Center
Stephanie;Barnes;1992-02-02;sbarnes25@wikimedia.org;51-(692)412-3006;6 Oxford Pass
Wanda;Henry;1980-04-22;whenry26@sciencedaily.com;66-(865)973-4140;932 Heffernan Point
Adam;Kennedy;1997-11-02;akennedy27@goo.gl;261-(847)915-4276;154 Homewood Terrace
Sean;Berry;1998-04-26;sberry28@tripod.com;33-(231)663-7433;332 Wayridge Way
Beverly;Lee;1999-02-27;blee29@noaa.gov;86-(377)416-3970;3350 Ludington Center
Theresa;Parker;1999-04-01;tparker2a@home.pl;30-(372)310-3428;69 4th Plaza
Ralph;Wallace;1989-09-01;rwallace2b@drupal.org;359-(936)733-9713;25841 Aberg Trail
Kelly;Bailey;1993-09-28;kbailey2c@utexas.edu;86-(229)574-4157;9181 Colorado Point
William;Ryan;1987-01-06;wryan2d@bandcamp.com;33-(351)212-1794;28734 Gateway Junction
Virginia;Hill;1987-09-28;vhill2e@bloglovin.com;60-(281)310-4759;4919 Quincy Avenue
Betty;Hunt;1995-11-07;bhunt2f@plala.or.jp;63-(377)633-6108;02972 Drewry Lane
Diane;Howell;1994-12-31;dhowell2g@globo.com;420-(405)576-5156;3 Forest Drive
Harry;Sanders;1984-12-04;hsanders2h@wiley.com;63-(281)370-8961;1590 Carioca Trail
Betty;Cox;1991-08-08;bcox2i@globo.com;55-(417)259-5159;76321 Loomis Plaza
Eugene;Hunter;1984-02-11;ehunter2j@blinklist.com;86-(269)975-3708;71 Huxley Street
Martha;Stevens;1991-06-12;mstevens2k@nbcnews.com;57-(773)765-4435;55724 Schurz Lane
Jean;Evans;1984-08-13;jevans2l@so-net.ne.jp;62-(730)463-5843;25 West Pass
Justin;Peterson;1990-09-30;jpeterson2m@delicious.com;966-(308)149-6600;244 Coleman Hill
Douglas;Williamson;1980-06-05;dwilliamson2n@github.io;86-(398)257-5154;6494 Swallow Alley
Kathy;Foster;1988-10-12;kfoster2o@surveymonkey.com;86-(379)857-3021;32581 Oak Valley Road
Linda;Castillo;1993-12-28;lcastillo2p@virginia.edu;55-(952)300-7636;14 Lakewood Junction
Walter;Johnson;1990-12-30;wjohnson2q@stumbleupon.com;351-(709)773-7543;0 Londonderry Place
Maria;Campbell;1996-03-08;mcampbell2r@slate.com;374-(885)366-7589;1516 Division Street
Kathryn;Jordan;1991-06-05;kjordan2s@ycombinator.com;255-(400)172-8890;182 Muir Drive
Carlos;Grant;1987-02-27;cgrant2t@github.com;48-(888)315-1606;768 Dexter Junction
Dennis;Kim;1988-06-20;dkim2u@illinois.edu;237-(371)701-0550;83895 Tennessee Place
Jason;Wheeler;1989-04-01;jwheeler2v@bloglovin.com;33-(545)467-0520;87681 Cardinal Lane
Kathryn;Myers;1993-12-10;kmyers2w@com.com;52-(751)609-0519;25 Pearson Street
Clarence;Riley;1995-11-27;criley2x@va.gov;7-(497)582-3709;015 Rigney Circle
Wanda;Arnold;1997-08-02;warnold2y@sohu.com;55-(336)311-7566;22 Norway Maple Point
Mark;Kelly;1984-02-08;mkelly2z@skype.com;92-(531)287-3718;55705 Marcy Center
Jean;Fuller;1984-03-15;jfuller30@census.gov;62-(622)626-6215;005 Brentwood Circle
Cheryl;Schmidt;1986-04-16;cschmidt31@ox.ac.uk;86-(454)716-1826;9 Alpine Plaza
Donald;Bennett;1980-09-29;dbennett32@rediff.com;86-(602)462-5274;3185 Thierer Lane
Ruby;Garza;1986-11-27;rgarza33@usda.gov;234-(371)483-9809;22 Springs Pass
Ruby;Oliver;1985-04-15;roliver34@dmoz.org;86-(813)733-3319;70 Maryland Center
Annie;Boyd;1990-03-19;aboyd35@myspace.com;81-(405)497-6637;9 Atwood Alley
Steve;Harper;1994-12-25;sharper36@altervista.org;359-(770)205-9416;20556 Kropf Way
Robin;Foster;1990-02-07;rfoster37@eepurl.com;7-(833)718-3361;9617 Prentice Avenue
Eugene;Baker;1984-03-20;ebaker38@fda.gov;7-(738)695-3739;11 Bashford Terrace
Jason;Howell;1992-04-10;jhowell39@google.com.au;381-(401)479-8031;8293 Green Circle
Matthew;Moreno;1994-01-31;mmoreno3a@e-recht24.de;86-(692)855-7095;9827 Pierstorff Junction
Keith;Henry;1994-03-06;khenry3b@census.gov;86-(734)497-4661;448 2nd Pass
Donald;Gutierrez;1980-07-25;dgutierrez3c@imageshack.us;1-(192)814-3699;1 Memorial Crossing
Brandon;Miller;1998-02-28;bmiller3d@etsy.com;86-(465)384-3913;70 Dapin Place
Frank;Cruz;1989-05-19;fcruz3e@harvard.edu;48-(224)168-5356;051 Sutherland Terrace
Andrew;Flores;1989-10-20;aflores3f@cnn.com;49-(811)132-6976;395 Union Street
Wanda;Garrett;1995-08-29;wgarrett3g@phpbb.com;55-(726)997-6676;1 North Place
Teresa;Mccoy;1982-08-01;tmccoy3h@exblog.jp;62-(594)558-0401;22 Algoma Lane
Arthur;Rogers;1999-05-08;arogers3i@ucla.edu;30-(117)685-6275;606 Carpenter Point
Jason;Reed;1994-08-01;jreed3j@plala.or.jp;261-(294)457-8601;64965 Columbus Alley
Fred;Porter;1983-01-15;fporter3k@gnu.org;57-(409)979-3906;9789 3rd Alley
Lillian;Stone;1985-04-18;lstone3l@yolasite.com;27-(493)547-5895;4375 Daystar Pass
Jimmy;Cole;1993-02-20;jcole3m@disqus.com;7-(461)501-6263;72 Northland Parkway
Michelle;George;1987-11-19;mgeorge3n@jigsy.com;1-(322)920-6854;370 Brentwood Plaza
Shirley;Myers;1991-09-29;smyers3o@unc.edu;81-(432)411-1232;226 Schurz Road
William;Riley;1998-04-02;wriley3p@hhs.gov;1-(444)760-5606;9827 Milwaukee Drive
Laura;Myers;1980-12-01;lmyers3q@ca.gov;967-(405)679-5436;65 Buhler Point
Laura;Ward;1991-02-23;lward3r@unc.edu;84-(797)515-3194;0507 Loftsgordon Avenue
Annie;Barnes;1991-04-17;abarnes3s@dell.com;970-(931)131-4589;1 Schlimgen Road
Sandra;Evans;1986-06-24;sevans3t@unicef.org;63-(780)948-5538;80095 Sachs Lane
Douglas;Cox;1989-08-09;dcox3u@google.it;54-(678)504-8587;9418 Gina Drive
Anne;Gardner;1995-03-30;agardner3v@economist.com;351-(227)189-8313;19 Center Road
Lori;Gomez;1992-03-26;lgomez3w@cbc.ca;63-(865)337-1108;10152 Macpherson Center
Sarah;Stanley;1992-07-14;sstanley3x@java.com;62-(368)538-4270;556 Dwight Center
Carol;Castillo;1985-06-22;ccastillo3y@techcrunch.com;389-(804)101-4784;63003 Eagan Point
Juan;Hunt;1996-03-15;jhunt3z@pcworld.com;7-(588)478-7007;39 Menomonie Road
Thomas;Payne;1980-10-17;tpayne40@yelp.com;86-(752)145-8374;9 Melby Pass
Carlos;Williams;1985-05-10;cwilliams41@nytimes.com;47-(441)741-9819;819 Kipling Drive
Rose;Johnston;1981-08-13;rjohnston42@craigslist.org;964-(130)686-5929;0 4th Point
Benjamin;Stevens;1994-07-31;bstevens43@forbes.com;63-(179)819-7176;21 Shelley Lane
Richard;Webb;1993-09-27;rwebb44@spiegel.de;62-(564)449-8942;4585 Dapin Plaza
Billy;Robinson;1996-07-25;brobinson45@geocities.jp;86-(388)925-8291;41765 Golf Course Park
Evelyn;Long;1999-01-16;elong46@baidu.com;385-(261)879-1327;79952 Fordem Center
Justin;Oliver;1995-12-27;joliver47@oakley.com;92-(540)243-0034;7981 Saint Paul Terrace
Elizabeth;Taylor;1995-05-14;etaylor48@alexa.com;63-(113)726-0813;2 Crescent Oaks Parkway
Marie;Black;1990-09-22;mblack49@yahoo.com;62-(918)892-6321;411 Commercial Court
Kimberly;Adams;1992-07-06;kadams4a@wordpress.com;86-(945)586-5317;49060 Chinook Pass
Harry;Gilbert;1999-11-24;hgilbert4b@xing.com;86-(375)227-8840;8 Vera Lane
Philip;Mcdonald;1988-08-02;pmcdonald4c@github.io;48-(406)190-2878;564 Green Hill
Jessica;Perry;1996-09-03;jperry4d@1688.com;420-(175)960-8628;6 4th Place
Michelle;Phillips;1989-04-30;mphillips4e@myspace.com;46-(528)773-6791;99 Ruskin Pass
Willie;Reyes;1984-02-10;wreyes4f@tamu.edu;58-(650)193-5453;14893 Killdeer Center
Robin;Griffin;1989-12-20;rgriffin4g@yale.edu;381-(490)891-5306;4520 Gina Center
Katherine;Green;1981-12-30;kgreen4h@issuu.com;86-(512)355-6104;07758 Haas Point
Keith;Fuller;1999-11-21;kfuller4i@123-reg.co.uk;62-(861)429-7090;5842 Basil Junction
Helen;Webb;1997-09-16;hwebb4j@sbwire.com;47-(876)938-1967;1627 International Plaza
Peter;Torres;1999-09-23;ptorres4k@trellian.com;86-(327)331-4778;660 Longview Hill
Wanda;Andrews;1985-09-17;wandrews4l@geocities.com;7-(465)738-4535;91870 Mockingbird Street
Howard;Barnes;1983-01-11;hbarnes4m@w3.org;63-(606)439-9193;89205 Lake View Crossing
Ronald;Clark;1998-12-15;rclark4n@yahoo.co.jp;86-(933)148-4189;775 Ronald Regan Place
Arthur;Flores;1985-05-01;aflores4o@hao123.com;62-(741)717-7725;91824 Esker Crossing
Patrick;Coleman;1992-05-01;pcoleman4p@ed.gov;54-(734)211-3849;638 Hooker Road
Michael;Mason;1990-07-30;mmason4q@archive.org;598-(136)281-3747;36 Paget Way
James;Jordan;1992-07-30;jjordan4r@php.net;51-(754)380-1811;5945 Kingsford Court
Ashley;Wilson;1985-09-27;awilson4s@bloglovin.com;86-(512)633-5481;193 Troy Lane
Ronald;Stone;1997-11-19;rstone4t@zimbio.com;46-(599)750-5222;93632 Emmet Drive
Melissa;Berry;1983-12-09;mberry4u@salon.com;51-(552)676-7954;072 Lien Road
Brenda;Mitchell;1995-03-26;bmitchell4v@nhs.uk;269-(719)912-5453;883 Bartillon Avenue
Sharon;Williams;1991-02-16;swilliams4w@weebly.com;81-(115)663-9972;20381 Vernon Way
Frances;Freeman;1998-05-05;ffreeman4x@example.com;86-(589)673-7043;14 Sycamore Road
Michael;Ellis;1984-08-16;mellis4y@statcounter.com;234-(278)608-9273;43400 Oakridge Street
Debra;Hawkins;1999-02-06;dhawkins4z@chron.com;351-(816)700-0756;5550 Dapin Hill
Samuel;Campbell;1997-01-22;scampbell50@gov.uk;48-(177)359-6035;07835 Eliot Hill
Jeremy;Rivera;1995-07-31;jrivera51@virginia.edu;86-(916)787-7403;7 Montana Junction
Margaret;Dixon;1982-11-29;mdixon52@posterous.com;62-(866)437-9615;23 Arapahoe Crossing
Ashley;Bradley;1990-08-08;abradley53@uol.com.br;48-(691)934-2055;995 North Center
Judith;Nguyen;1995-11-24;jnguyen54@vistaprint.com;33-(924)327-9997;8 Southridge Place
Roger;Palmer;1998-11-14;rpalmer55@arstechnica.com;86-(369)502-4492;40547 Larry Court
Shirley;Bowman;1990-09-20;sbowman56@wp.com;86-(399)362-6950;95 Leroy Hill
Deborah;Ramos;1986-05-26;dramos57@storify.com;36-(421)260-5275;88566 Lighthouse Bay Terrace
Melissa;Warren;1998-05-29;mwarren58@posterous.com;30-(444)560-3039;57 Menomonie Place
Jason;Dean;1995-09-07;jdean59@about.com;66-(691)837-3897;18 Carioca Lane
Heather;Hill;1999-07-18;hhill5a@github.io;236-(589)768-8946;9 Heath Park
Ruth;Thompson;1994-08-21;rthompson5b@seesaa.net;86-(776)550-3361;599 Sachs Hill
Margaret;Gonzales;1982-06-03;mgonzales5c@google.es;972-(914)319-4312;78 Southridge Plaza
Mildred;Gonzalez;1983-04-06;mgonzalez5d@patch.com;44-(929)111-3493;8985 Artisan Hill
Virginia;Hicks;1993-12-12;vhicks5e@slate.com;86-(579)845-6595;6 Dakota Hill
James;Carr;1988-06-20;jcarr5f@reuters.com;58-(558)907-7996;45 Miller Road
Keith;Pierce;1981-04-11;kpierce5g@eepurl.com;62-(573)543-6526;31 Meadow Valley Trail
Harry;Armstrong;1994-01-02;harmstrong5h@yale.edu;86-(959)347-6916;3 Hudson Point
Melissa;Richards;1999-06-30;mrichards5i@meetup.com;63-(303)621-6188;3209 Bashford Drive
Debra;Butler;1998-07-05;dbutler5j@webnode.com;44-(838)592-6685;7146 Kipling Parkway
Christopher;Crawford;1987-04-21;ccrawford5k@umich.edu;62-(327)197-6831;79470 Blue Bill Park Way
Emily;Franklin;1988-09-08;efranklin5l@fema.gov;86-(727)278-5593;246 Leroy Plaza
Irene;Daniels;1994-06-13;idaniels5m@unc.edu;63-(530)763-1202;6 Hudson Way
Philip;Woods;1980-04-03;pwoods5n@slate.com;386-(535)492-0941;26320 Heffernan Alley
Henry;Cox;1983-05-08;hcox5o@ft.com;62-(288)260-6182;1910 Norway Maple Drive
Amanda;Roberts;1988-11-11;aroberts5p@printfriendly.com;226-(317)211-3202;38177 Eggendart Point
Gerald;Hart;1993-03-06;ghart5q@51.la;1-(767)735-1118;48 Hintze Terrace
Edward;Perry;1990-06-03;eperry5r@scribd.com;380-(171)346-4356;15281 Village Green Road
Gloria;Andrews;1991-03-17;gandrews5s@oaic.gov.au;86-(298)520-3022;8 Eggendart Drive
James;Johnson;1985-03-06;jjohnson5t@gravatar.com;54-(532)843-8467;961 Sycamore Terrace
Laura;Snyder;1983-02-04;lsnyder5u@mapquest.com;86-(955)473-8081;58 Dryden Court
Catherine;Edwards;1991-01-18;cedwards5v@berkeley.edu;81-(523)120-8978;70460 Hooker Parkway
Anthony;Henderson;1997-06-13;ahenderson5w@go.com;358-(498)871-4677;518 South Drive
Sara;Wheeler;1997-02-27;swheeler5x@ning.com;994-(573)167-3784;58 Alpine Trail
Gregory;Edwards;1983-08-06;gedwards5y@princeton.edu;967-(153)415-5470;86444 Crownhardt Junction
Harold;Adams;1980-09-11;hadams5z@nymag.com;212-(956)104-8519;38 Londonderry Avenue
Catherine;Ramirez;1984-06-27;cramirez60@trellian.com;7-(179)898-0666;96111 Johnson Lane
Michael;Foster;1987-03-03;mfoster61@odnoklassniki.ru;998-(510)997-0444;22 Pleasure Alley
Annie;White;1992-12-08;awhite62@engadget.com;86-(872)181-9806;54885 Manley Way
Willie;Johnson;1982-07-04;wjohnson63@cdc.gov;62-(712)115-8253;7433 Carberry Road
Craig;Woods;1999-06-22;cwoods64@house.gov;264-(818)338-1718;90939 Prairie Rose Street
Clarence;Robinson;1989-04-24;crobinson65@google.com.br;20-(679)274-9228;2878 John Wall Street
Justin;Wagner;1991-05-25;jwagner66@miibeian.gov.cn;504-(631)639-5330;43 Roth Pass
Jonathan;Grant;1985-03-26;jgrant67@domainmarket.com;86-(302)228-4210;74 Vernon Junction
Maria;Warren;1996-04-22;mwarren68@bizjournals.com;55-(427)331-4507;5046 Clarendon Plaza
Catherine;Garcia;1980-06-18;cgarcia69@1und1.de;63-(747)365-3616;5623 Continental Point
Margaret;Thomas;1996-02-05;mthomas6a@mlb.com;46-(415)371-0308;05 Fremont Parkway
Karen;Little;1982-04-13;klittle6b@vimeo.com;63-(515)527-5238;91 Canary Road
Christopher;Gray;1988-09-12;cgray6c@blogs.com;33-(895)639-7983;231 Ruskin Pass
Billy;Flores;1989-12-27;bflores6d@google.com;7-(637)267-3530;26890 Dexter Point
Dennis;Smith;1989-03-08;dsmith6e@yolasite.com;92-(131)257-9059;74 Lindbergh Junction
Earl;James;1980-05-18;ejames6f@ted.com;591-(121)698-8584;023 Mitchell Park
Craig;Elliott;1997-12-15;celliott6g@dell.com;62-(796)881-9593;7 Hoepker Alley
Steve;Johnson;1993-05-08;sjohnson6h@wiley.com;63-(400)740-0548;91545 Service Pass
Julie;Simmons;1981-11-10;jsimmons6i@google.com.au;86-(339)418-4676;1647 Lakewood Avenue
Jonathan;Cook;1996-05-08;jcook6j@hc360.com;1-(530)887-1541;86 Buena Vista Road
Larry;Richards;1992-05-11;lrichards6k@topsy.com;420-(380)227-0749;2258 Sunbrook Alley
Teresa;Bell;1996-03-29;tbell6l@census.gov;66-(716)141-4553;20 Randy Parkway
Aaron;Flores;1992-06-07;aflores6m@ow.ly;52-(356)230-9004;56 Sunnyside Trail
Kathryn;Bennett;1986-12-14;kbennett6n@globo.com;48-(746)515-7808;9742 Oak Valley Court
Cynthia;Kelley;1994-04-30;ckelley6o@examiner.com;86-(926)845-4983;3111 Morrow Drive
Ann;Bell;1980-06-05;abell6p@trellian.com;998-(943)264-1888;40 Kinsman Point
Alan;Willis;1996-04-28;awillis6q@sciencedaily.com;86-(324)460-2381;731 High Crossing Park
Nicole;Reed;1984-12-08;nreed6r@de.vu;358-(986)968-0364;38579 Thackeray Street
Charles;Lawrence;1996-10-23;clawrence6s@un.org;62-(478)152-1697;2726 Boyd Place
Kathryn;Oliver;1985-12-26;koliver6t@cbslocal.com;234-(689)525-1092;2 Cody Plaza
Wanda;Mcdonald;1985-07-11;wmcdonald6u@ucsd.edu;82-(703)828-5580;23255 Michigan Point
Antonio;Tucker;1987-10-30;atucker6v@google.cn;62-(870)945-0335;5828 Vahlen Avenue
Deborah;Adams;1998-06-11;dadams6w@nytimes.com;380-(986)451-2190;4 Chinook Plaza
Lisa;Carroll;1996-12-25;lcarroll6x@wufoo.com;48-(741)596-4593;44 Holy Cross Plaza
Anna;Perkins;1992-12-23;aperkins6y@g.co;86-(382)713-6372;77466 Lakewood Point
Michelle;Wagner;1983-01-06;mwagner6z@wsj.com;1-(360)756-1237;25 Tony Crossing
Robin;Webb;1983-08-24;rwebb70@walmart.com;33-(128)306-5414;87928 Oxford Junction
Katherine;Clark;1984-02-21;kclark71@biglobe.ne.jp;86-(449)371-9355;383 Twin Pines Lane
Alan;Dixon;1990-10-27;adixon72@soup.io;7-(464)537-9547;74 Del Sol Crossing
Jerry;Crawford;1985-11-24;jcrawford73@altervista.org;7-(887)537-4390;87338 Dayton Alley
George;Reed;1983-06-14;greed74@nhs.uk;596-(761)875-6521;491 Claremont Junction
Jeffrey;Butler;1990-11-28;jbutler75@canalblog.com;994-(719)978-4519;5 American Ash Parkway
David;Hill;1999-05-07;dhill76@businessweek.com;63-(108)480-1509;0053 Karstens Terrace
Keith;Alvarez;1997-07-31;kalvarez77@desdev.cn;63-(766)560-9127;56304 Riverside Drive
Stephen;Cole;1990-03-13;scole78@hostgator.com;677-(249)587-1708;9 Emmet Plaza
Gerald;Russell;1996-11-12;grussell79@dailymail.co.uk;46-(744)536-5623;7 2nd Lane
Amy;Richardson;1994-01-11;arichardson7a@elegantthemes.com;86-(137)812-0521;44003 Upham Pass
Jacqueline;Phillips;1999-03-20;jphillips7b@twitpic.com;62-(808)439-1675;9 Briar Crest Road
Martin;Alvarez;1985-08-06;malvarez7c@mail.ru;57-(856)242-8806;72 Melby Circle
Kevin;Ward;1991-05-06;kward7d@ifeng.com;48-(238)721-7332;5953 Washington Way
Howard;Bell;1984-01-20;hbell7e@psu.edu;86-(472)987-3578;9824 Buell Crossing
Rebecca;Reynolds;1983-07-11;rreynolds7f@cnet.com;55-(706)828-8970;0800 Schiller Plaza
Arthur;Williamson;1985-02-15;awilliamson7g@howstuffworks.com;353-(362)800-7792;81 Pawling Plaza
Steve;Ruiz;1984-03-10;sruiz7h@apple.com;7-(619)482-7560;4 Eagle Crest Pass
Russell;Kim;1984-06-22;rkim7i@amazon.co.uk;1-(253)368-7318;15172 High Crossing Street
Ronald;Mccoy;1998-01-24;rmccoy7j@mysql.com;7-(793)864-9642;067 Meadow Ridge Trail
Anna;Sanchez;1980-06-24;asanchez7k@cisco.com;7-(296)883-2184;7901 Packers Place
Timothy;Spencer;1982-04-03;tspencer7l@upenn.edu;256-(376)827-9011;221 Hovde Center
Julie;Stanley;1997-02-21;jstanley7m@loc.gov;86-(103)322-4631;78 Lien Trail
Ernest;Stevens;1989-02-11;estevens7n@prnewswire.com;380-(801)998-3629;47 Coleman Park
Willie;Rice;1994-01-22;wrice7o@example.com;966-(812)821-7951;44472 Manufacturers Center
Marilyn;Fuller;1999-11-07;mfuller7p@sogou.com;93-(631)853-0428;39477 Basil Park
Craig;Cook;1989-07-08;ccook7q@deviantart.com;39-(688)990-6361;8 Forest Dale Court
Henry;Murray;1989-08-14;hmurray7r@moonfruit.com;420-(718)355-4986;63335 8th Circle
Deborah;Riley;1995-09-26;driley7s@europa.eu;380-(959)728-7064;29575 Evergreen Court
Nicole;Taylor;1990-04-07;ntaylor7t@list-manage.com;62-(281)179-9012;0 Gerald Street
Katherine;Reyes;1999-07-25;kreyes7u@ovh.net;62-(109)516-7000;53 Fairview Point
Roger;Woods;1987-10-13;rwoods7v@sakura.ne.jp;82-(265)374-6578;012 Bartelt Junction
Doris;Powell;1995-10-02;dpowell7w@unicef.org;86-(184)375-4072;106 Browning Park
Sarah;Knight;1993-03-28;sknight7x@amazonaws.com;55-(921)631-4739;37 Reindahl Junction
Ashley;Hamilton;1991-07-10;ahamilton7y@hhs.gov;255-(348)539-4446;57 Lyons Parkway
Johnny;James;1989-08-19;jjames7z@naver.com;351-(224)246-1097;0 Kedzie Alley
Lori;Garrett;1995-07-19;lgarrett80@slideshare.net;48-(722)405-2728;713 Warbler Parkway
Jerry;Howard;1988-10-25;jhoward81@dmoz.org;62-(363)356-5614;168 Annamark Road
Nancy;Arnold;1990-05-16;narnold82@tripadvisor.com;46-(111)601-9363;864 Moland Terrace
Kathy;Black;1995-05-22;kblack83@bluehost.com;1-(478)895-1611;3 Menomonie Avenue
Jacqueline;Morris;1999-06-29;jmorris84@senate.gov;46-(255)183-0873;5 East Junction
Rachel;Palmer;1995-07-23;rpalmer85@comsenz.com;1-(831)683-1831;782 Comanche Alley
Jimmy;Dean;1997-11-05;jdean86@howstuffworks.com;234-(223)759-7016;731 Carioca Plaza
Brenda;Coleman;1985-07-27;bcoleman87@google.com.br;62-(387)664-9747;3628 Dunning Trail
George;Bryant;1984-03-06;gbryant88@wiley.com;62-(337)488-4178;5 Orin Circle
Timothy;Franklin;1991-07-03;tfranklin89@soup.io;55-(671)690-4754;8656 Tomscot Road
Jesse;Gonzalez;1984-10-30;jgonzalez8a@nsw.gov.au;30-(129)387-3166;28 Rutledge Lane
Karen;Ferguson;1995-08-25;kferguson8b@xrea.com;63-(401)776-9808;108 Grayhawk Crossing
Mark;Gray;1999-03-03;mgray8c@cyberchimps.com;62-(155)118-1865;96043 Meadow Vale Way
Ruth;Powell;1986-07-03;rpowell8d@thetimes.co.uk;358-(551)423-1802;032 Delaware Park
Amanda;Lawrence;1983-11-11;alawrence8e@paypal.com;1-(731)470-9385;9418 Hintze Parkway
Michelle;Webb;1993-10-06;mwebb8f@loc.gov;598-(809)714-6552;19 Sugar Park
Cynthia;Harper;1992-07-04;charper8g@mashable.com;62-(184)951-6686;51 Kennedy Center
Eugene;Fernandez;1991-12-20;efernandez8h@bravesites.com;7-(480)747-9795;852 Alpine Pass
Pamela;Hudson;1992-04-10;phudson8i@webeden.co.uk;62-(454)226-2683;43755 Lawn Drive
Rebecca;Hayes;1987-05-06;rhayes8j@ox.ac.uk;7-(589)151-8239;7 Hollow Ridge Alley
Phillip;Weaver;1985-01-24;pweaver8k@vk.com;63-(219)638-5672;158 Oakridge Junction
Scott;Peters;1991-10-04;speters8l@patch.com;27-(785)134-8649;547 Bonner Lane
Martha;Patterson;1992-08-21;mpatterson8m@utexas.edu;212-(366)222-9675;711 La Follette Hill
Anna;Ray;1995-02-11;aray8n@hexun.com;86-(525)820-5836;924 Onsgard Junction
Laura;Burton;1987-10-17;lburton8o@cbsnews.com;30-(849)683-8271;280 Del Mar Avenue
Norma;Freeman;1999-03-28;nfreeman8p@istockphoto.com;62-(914)730-4266;6 Cardinal Parkway
Amanda;Hall;1997-05-26;ahall8q@army.mil;86-(513)273-9223;302 Thackeray Avenue
Michelle;Day;1998-07-19;mday8r@soundcloud.com;33-(992)600-9893;56913 Shoshone Pass
Jack;Perez;1996-09-13;jperez8s@umich.edu;93-(581)233-5526;08133 Melby Crossing
Doris;Porter;1997-02-20;dporter8t@sourceforge.net;236-(472)730-2594;48 Esch Circle
Robert;Simmons;1984-06-05;rsimmons8u@ebay.com;234-(980)799-8112;9991 Lyons Circle
Dorothy;Diaz;1996-08-20;ddiaz8v@bloglines.com;86-(567)334-8704;7 Saint Paul Plaza
Randy;Hudson;1996-01-30;rhudson8w@multiply.com;86-(490)225-2039;7779 Katie Court
Craig;Weaver;1992-04-12;cweaver8x@economist.com;63-(921)586-0195;39509 Sheridan Place
Kevin;Mendoza;1995-06-04;kmendoza8y@newyorker.com;62-(878)590-9778;2 1st Way
Craig;Berry;1996-11-21;cberry8z@yellowpages.com;86-(452)442-3883;6 Vahlen Way
Alan;Carpenter;1985-06-11;acarpenter90@latimes.com;86-(797)667-5483;01846 8th Hill
Juan;Meyer;1985-03-17;jmeyer91@tiny.cc;62-(857)464-7214;68302 Tomscot Terrace
Lillian;Mills;1998-05-21;lmills92@guardian.co.uk;1-(407)245-8956;5 Pond Street
Diana;Simmons;1980-07-20;dsimmons93@hugedomains.com;63-(957)887-6344;32211 Northwestern Avenue
Joyce;Hernandez;1998-08-01;jhernandez94@barnesandnoble.com;351-(501)270-2818;9964 Eggendart Parkway
Anne;Ellis;1988-07-04;aellis95@wordpress.org;351-(319)928-9280;04918 Hagan Circle
Julia;Carpenter;1992-06-18;jcarpenter96@ustream.tv;7-(801)757-7277;0230 Cody Trail
Jesse;Fernandez;1994-06-30;jfernandez97@tinyurl.com;976-(499)540-2679;46 Kedzie Court
David;Riley;1984-05-10;driley98@gizmodo.com;1-(438)944-5995;71333 Mariners Cove Hill
Frank;Mason;1983-10-09;fmason99@cbsnews.com;62-(541)376-6527;10278 Bobwhite Place
Roy;Moreno;1993-09-22;rmoreno9a@ucsd.edu;41-(990)444-2763;6571 Fallview Drive
Angela;Jones;1981-03-23;ajones9b@freewebs.com;7-(715)818-5592;1 Corscot Way
Richard;Knight;1997-07-18;rknight9c@t.co;7-(588)633-8258;82 Garrison Road
Rebecca;Chavez;1981-01-29;rchavez9d@spiegel.de;249-(606)949-8938;71256 Kim Crossing
Keith;Holmes;1990-03-12;kholmes9e@google.ca;86-(139)591-6922;852 Sachs Point
Debra;Fuller;1992-01-11;dfuller9f@spiegel.de;386-(465)475-5061;86 Bunting Center
Jeffrey;Burke;1990-06-11;jburke9g@soundcloud.com;86-(631)981-8793;709 Sunbrook Lane
Patrick;Hunter;1992-08-09;phunter9h@cbslocal.com;1-(518)906-8490;258 Cody Street
Sarah;Hicks;1993-01-25;shicks9i@exblog.jp;66-(641)441-2020;6 Forest Run Hill
Gloria;Washington;1980-08-10;gwashington9j@webnode.com;46-(583)264-7088;0 Rutledge Avenue
Gary;Carpenter;1986-12-27;gcarpenter9k@chronoengine.com;44-(886)751-9014;40 Quincy Place
Judy;Butler;1999-01-31;jbutler9l@japanpost.jp;81-(711)973-1005;1407 Cascade Crossing
Victor;Price;1991-05-01;vprice9m@rambler.ru;86-(149)877-0223;2 Roth Way
Matthew;Olson;1993-01-09;molson9n@paginegialle.it;81-(539)604-2612;86163 5th Plaza
Jack;Ward;1990-08-28;jward9o@mozilla.com;976-(171)177-9099;9068 Shopko Circle
Paula;Gray;1993-03-15;pgray9p@infoseek.co.jp;64-(744)981-5534;167 Spohn Hill
Ann;Foster;1996-12-24;afoster9q@de.vu;351-(558)858-9802;6275 Caliangt Junction
Antonio;Bishop;1983-12-09;abishop9r@canalblog.com;82-(897)442-8369;9554 Milwaukee Avenue
Virginia;Brown;1981-07-23;vbrown9s@acquirethisname.com;41-(818)768-0673;1 Comanche Place
Raymond;Banks;1982-04-19;rbanks9t@marriott.com;86-(126)884-2454;2 Reindahl Parkway
Susan;Henderson;1988-11-10;shenderson9u@hubpages.com;62-(875)462-1422;729 Park Meadow Center
Paula;Harper;1991-05-06;pharper9v@ocn.ne.jp;62-(978)205-9082;86 Union Circle
Beverly;Hanson;1980-06-18;bhanson9w@bbc.co.uk;52-(648)663-5179;1 Evergreen Avenue
Justin;Hudson;1990-11-14;jhudson9x@ox.ac.uk;62-(568)747-7334;214 Helena Court
Kathryn;Martin;1984-04-30;kmartin9y@hubpages.com;86-(131)277-2089;335 Kinsman Trail
Aaron;Hawkins;1999-02-21;ahawkins9z@java.com;51-(357)607-1750;8936 Norway Maple Pass
Judy;Rivera;1980-06-10;jriveraa0@taobao.com;7-(784)692-6540;672 Nova Road
Eric;Snyder;1984-01-25;esnydera1@about.com;86-(402)460-9434;785 Dayton Point
Janet;Alexander;1993-12-06;jalexandera2@ehow.com;86-(955)436-2719;12 Atwood Avenue
Jeffrey;Richards;1981-08-22;jrichardsa3@e-recht24.de;351-(121)374-7333;2193 Lien Street
Nicole;Hayes;1993-08-28;nhayesa4@1und1.de;380-(948)754-9623;0225 Caliangt Trail
Anne;Morrison;1985-02-23;amorrisona5@artisteer.com;1-(713)130-8541;09 Arapahoe Point
Judith;Taylor;1990-04-14;jtaylora6@accuweather.com;46-(646)498-8092;3 Mayfield Circle
Aaron;Riley;1989-03-28;arileya7@ocn.ne.jp;62-(366)110-9758;7202 Thompson Park
Craig;Hall;1983-02-16;challa8@dot.gov;48-(126)209-9028;6 Red Cloud Pass
Helen;Rivera;1989-11-23;hriveraa9@goo.ne.jp;1-(239)937-4459;59510 Oneill Plaza
Larry;Olson;1983-10-26;lolsonaa@joomla.org;54-(289)875-9869;59889 Memorial Way
Susan;Hill;1994-04-27;shillab@tinypic.com;351-(320)546-6687;0071 Londonderry Hill
Katherine;Hudson;1993-09-19;khudsonac@thetimes.co.uk;86-(855)160-7367;458 Coleman Lane
Jane;Fernandez;1995-03-16;jfernandezad@archive.org;52-(472)499-5458;277 Vernon Parkway
William;Willis;1994-08-19;wwillisae@shop-pro.jp;60-(424)616-8634;7 Stoughton Plaza
Matthew;Shaw;1985-01-02;mshawaf@springer.com;385-(722)259-7969;9906 Kings Place
Andrea;Alvarez;1990-07-27;aalvarezag@netlog.com;86-(346)222-0213;18 West Avenue
Harry;Chavez;1985-05-16;hchavezah@dailymail.co.uk;62-(748)223-7240;06 Oriole Point
Ann;Robertson;1999-11-27;arobertsonai@hc360.com;86-(853)837-7441;49 Ludington Terrace
Larry;Romero;1988-08-04;lromeroaj@myspace.com;380-(804)483-6322;25026 Talmadge Lane
Michael;Simmons;1989-11-26;msimmonsak@toplist.cz;51-(306)321-3449;72805 Pepper Wood Alley
Jack;Martin;1997-01-03;jmartinal@acquirethisname.com;351-(507)393-8354;55185 Eliot Parkway
Howard;Carpenter;1992-10-17;hcarpenteram@people.com.cn;234-(255)669-6932;9711 Debs Lane
Susan;Sanders;1994-09-11;ssandersan@flavors.me;63-(914)901-5662;979 Talisman Pass
Annie;Harvey;2000-02-05;aharveyao@forbes.com;86-(176)816-0947;9 Sunbrook Drive
Anne;Willis;1991-09-22;awillisap@wordpress.org;64-(568)332-5662;4296 Banding Avenue
Jesse;Burke;1990-01-22;jburkeaq@miitbeian.gov.cn;62-(914)629-7806;93 Charing Cross Hill
Anne;Ramos;1995-03-16;aramosar@homestead.com;51-(307)657-8610;7611 Transport Circle
Howard;Day;1995-07-06;hdayas@msu.edu;63-(850)432-7554;36590 Hermina Road
Timothy;Moreno;1987-06-05;tmorenoat@sohu.com;998-(580)945-3810;1 Duke Plaza
Cheryl;Griffin;1987-12-08;cgriffinau@gizmodo.com;234-(884)430-5738;122 Portage Lane
Kathy;Owens;1992-01-01;kowensav@shareasale.com;353-(307)212-5398;8701 Oriole Circle
Anna;Sanders;1988-07-21;asandersaw@printfriendly.com;55-(584)573-0844;8 Marquette Way
Heather;Garza;1988-04-12;hgarzaax@dailymotion.com;62-(326)419-7754;56822 Sundown Alley
Heather;Burton;1993-11-15;hburtonay@symantec.com;62-(619)679-1568;4209 Garrison Pass
Todd;Coleman;1991-12-26;tcolemanaz@constantcontact.com;212-(814)137-1154;7 Pawling Street
Nancy;Hunt;1987-11-08;nhuntb0@furl.net;62-(465)755-1623;676 Ramsey Avenue
Terry;Carpenter;1984-03-16;tcarpenterb1@sina.com.cn;234-(447)578-1850;3441 Weeping Birch Trail
Jesse;Moreno;1982-06-02;jmorenob2@163.com;86-(990)433-7837;97419 Dexter Circle
Justin;Ramos;1992-12-02;jramosb3@bluehost.com;62-(784)200-4013;706 Meadow Ridge Plaza
Marie;Morales;1986-06-17;mmoralesb4@bizjournals.com;880-(708)632-9825;8 Blackbird Road
Barbara;Tucker;1983-12-27;btuckerb5@phoca.cz;33-(105)697-2811;4 Butternut Place
Diana;Chapman;1997-06-03;dchapmanb6@oakley.com;81-(766)201-1442;32000 Merrick Place
Tammy;Arnold;1995-03-21;tarnoldb7@cnet.com;7-(309)209-0949;1244 Golf Plaza
Cheryl;Taylor;1981-01-22;ctaylorb8@hc360.com;62-(314)190-3555;44 Schiller Plaza
Walter;Graham;1997-03-15;wgrahamb9@hao123.com;30-(588)359-6870;24721 Buell Lane
Christina;Bailey;1989-12-12;cbaileyba@wikimedia.org;33-(817)747-7584;8638 Pine View Way
Sara;Payne;1991-10-01;spaynebb@spotify.com;46-(986)341-8379;32 Lien Avenue
Charles;Sanchez;1982-03-13;csanchezbc@rediff.com;86-(317)218-1774;15 Coolidge Lane
Walter;Nelson;1991-03-12;wnelsonbd@gravatar.com;86-(166)599-6674;13 Hallows Parkway
Carol;Miller;1984-05-28;cmillerbe@imageshack.us;51-(328)973-7628;4 Dennis Road
Frances;Cole;1996-09-01;fcolebf@auda.org.au;46-(130)173-2869;7128 Golf View Crossing
Roger;Hamilton;1999-02-24;rhamiltonbg@businessinsider.com;86-(922)539-8919;84009 Cody Parkway
Stephanie;Kelly;1987-11-03;skellybh@columbia.edu;242-(462)906-2782;1922 Manitowish Parkway
Margaret;Carr;1983-06-15;mcarrbi@skype.com;63-(217)994-6556;39814 Dayton Park
Joshua;Stevens;1994-11-08;jstevensbj@tumblr.com;54-(798)321-8147;5 Evergreen Park
Lillian;Berry;1997-12-15;lberrybk@telegraph.co.uk;63-(541)883-8453;84 Utah Plaza
Kevin;Richardson;1983-05-10;krichardsonbl@wix.com;33-(678)495-4905;0440 Coolidge Drive
Marie;Lawrence;1990-03-27;mlawrencebm@webmd.com;43-(716)921-1984;5086 Fallview Crossing
Phillip;Hunter;1991-04-10;phunterbn@is.gd;62-(257)149-4598;8822 Dayton Lane
Anne;Larson;1999-07-28;alarsonbo@php.net;255-(134)500-1857;5965 Marquette Avenue
Linda;Hughes;1982-02-13;lhughesbp@phpbb.com;970-(491)150-4847;468 Westport Crossing
Robert;Patterson;1996-05-15;rpattersonbq@independent.co.uk;86-(617)706-6996;2752 Redwing Lane
Amy;Graham;1993-01-21;agrahambr@printfriendly.com;33-(930)374-7096;93 Sutteridge Junction
Jane;Morrison;1995-12-19;jmorrisonbs@fc2.com;86-(238)781-7492;5 Darwin Pass
Evelyn;Hudson;1980-08-30;ehudsonbt@nature.com;55-(363)126-8309;7420 Hazelcrest Park
Paula;Wells;1986-05-05;pwellsbu@cyberchimps.com;86-(589)365-8600;5 Michigan Junction
Julie;Rice;1998-11-29;jricebv@163.com;86-(688)263-1199;4752 Bluejay Lane
Barbara;Myers;1997-07-27;bmyersbw@amazon.co.uk;375-(341)308-6213;593 Fair Oaks Way
Jonathan;Richards;1981-04-28;jrichardsbx@usgs.gov;962-(376)935-2249;6367 Schiller Point
Jack;Torres;1980-12-28;jtorresby@army.mil;51-(862)740-6338;34347 Luster Road
Todd;Alvarez;1982-04-14;talvarezbz@shutterfly.com;591-(233)814-7456;15255 Atwood Avenue
Rose;Moore;1984-11-27;rmoorec0@nymag.com;55-(349)751-3285;39692 Grim Court
James;Wood;1998-06-17;jwoodc1@scientificamerican.com;351-(554)580-5400;805 Tennyson Court
Walter;Cole;1986-07-09;wcolec2@360.cn;7-(435)744-1503;06 Farmco Place
Lillian;Jenkins;1996-04-19;ljenkinsc3@dedecms.com;63-(122)400-5813;8 Hayes Circle
Louise;Bowman;1987-09-09;lbowmanc4@addthis.com;34-(128)774-7750;8795 North Circle
Jack;Fox;1985-01-10;jfoxc5@geocities.com;7-(498)126-2498;56074 Scoville Way
Linda;Hamilton;1997-06-18;lhamiltonc6@vinaora.com;60-(132)800-1494;7058 Magdeline Circle
Jose;Garza;1991-07-09;jgarzac7@bloomberg.com;63-(323)834-0555;37 Thackeray Hill
Nancy;Mitchell;1989-07-03;nmitchellc8@tripadvisor.com;66-(643)884-5183;16 Leroy Terrace
Adam;Harris;1989-02-25;aharrisc9@skype.com;62-(296)104-7404;650 Maywood Plaza
Betty;Nguyen;1997-12-13;bnguyenca@eventbrite.com;93-(735)621-8979;5 Calypso Street
Henry;Bowman;1996-07-23;hbowmancb@hugedomains.com;63-(149)359-9998;3 Hansons Center
George;Jackson;1994-06-06;gjacksoncc@dedecms.com;62-(224)758-6600;085 Myrtle Terrace
Laura;Carr;1995-10-07;lcarrcd@pcworld.com;967-(966)506-3182;81 Muir Point
Lois;Ramos;1989-01-01;lramosce@nature.com;351-(237)432-8933;73 Lillian Trail
Diana;Romero;1986-08-17;dromerocf@pbs.org;1-(204)581-5543;19 Lake View Plaza
Richard;Cox;1984-10-15;rcoxcg@blog.com;234-(547)209-6200;826 Mallory Place
Margaret;Turner;1984-08-25;mturnerch@sciencedirect.com;62-(457)803-1249;6175 Jenna Drive
Martin;Elliott;1994-02-13;melliottci@fema.gov;256-(718)781-5098;17823 Florence Avenue
Patrick;Powell;1996-11-22;ppowellcj@scribd.com;7-(388)926-5902;776 Rigney Lane
Samuel;Russell;1999-07-17;srussellck@youku.com;7-(661)528-8010;88956 Amoth Terrace
Denise;Stevens;1996-10-26;dstevenscl@nsw.gov.au;1-(330)992-4713;0158 Dryden Plaza
Edward;Stevens;1985-08-24;estevenscm@twitpic.com;33-(716)776-2882;4624 Springs Plaza
Margaret;Murphy;1988-08-31;mmurphycn@cpanel.net;54-(606)464-7813;2212 Monterey Pass
Arthur;Chavez;1987-05-26;achavezco@simplemachines.org;244-(782)810-7427;79 Sunnyside Street
Virginia;Hicks;1990-01-09;vhickscp@sfgate.com;86-(112)754-7989;78576 Cardinal Avenue
Samuel;Hall;1985-06-17;shallcq@ftc.gov;994-(455)235-6803;74824 Arapahoe Lane
Virginia;Jordan;1983-11-28;vjordancr@ycombinator.com;63-(815)999-5932;0 Becker Court
Judy;Anderson;1996-07-18;jandersoncs@yellowbook.com;86-(485)420-2706;4 Northview Hill
Kimberly;Phillips;1996-02-22;kphillipsct@meetup.com;81-(539)407-3274;967 Kipling Trail
Philip;Bennett;1990-09-14;pbennettcu@blinklist.com;359-(326)146-7163;135 Monterey Avenue
Donna;Allen;1995-09-26;dallencv@sbwire.com;380-(378)145-8430;43 Saint Paul Street
Amanda;Allen;1988-06-14;aallencw@cdbaby.com;234-(570)582-9343;4642 Claremont Park
Pamela;Moreno;1981-08-26;pmorenocx@tiny.cc;81-(246)760-4767;539 Schmedeman Pass
Ruby;Patterson;1993-10-20;rpattersoncy@networksolutions.com;33-(161)196-6557;99115 Glendale Terrace
Kelly;Griffin;1981-10-30;kgriffincz@wufoo.com;62-(298)369-7990;91023 Scofield Junction
Jeffrey;Woods;1997-11-19;jwoodsd0@huffingtonpost.com;86-(823)220-1027;922 Burrows Crossing
Laura;Kennedy;1999-01-22;lkennedyd1@plala.or.jp;48-(236)486-3017;92 Haas Pass
Robert;Edwards;1982-07-02;redwardsd2@dot.gov;351-(531)505-9269;4 Eastlawn Terrace
Albert;Mason;1981-04-30;amasond3@digg.com;63-(661)695-3687;4460 Ramsey Trail
Sarah;Berry;1989-11-26;sberryd4@umich.edu;55-(740)400-7433;9334 Hanson Pass
Harry;Alexander;1981-05-22;halexanderd5@pen.io;1-(423)886-0816;4706 Hintze Lane
Victor;Harvey;1999-01-28;vharveyd6@upenn.edu;691-(599)919-3681;7 Monica Parkway
Howard;Armstrong;1991-03-07;harmstrongd7@earthlink.net;86-(891)966-3170;9 Buhler Place
Diane;Brown;1998-08-21;dbrownd8@cdbaby.com;234-(175)799-5446;671 Graceland Park
Paula;Brown;1986-11-29;pbrownd9@japanpost.jp;62-(666)228-9130;475 Goodland Pass
Chris;James;1983-02-18;cjamesda@lulu.com;54-(380)279-6605;01227 Continental Hill
Victor;Gibson;1999-11-05;vgibsondb@e-recht24.de;86-(235)546-3170;51966 Waxwing Pass
Gregory;Peters;1998-05-12;gpetersdc@hao123.com;86-(381)216-5842;83357 Westend Crossing
Heather;Crawford;1993-04-18;hcrawforddd@sfgate.com;7-(585)942-7354;2 Portage Place
Charles;Parker;1994-12-26;cparkerde@bigcartel.com;62-(396)207-3588;146 Morning Parkway
John;Gilbert;1996-04-14;jgilbertdf@opera.com;86-(797)373-4650;67528 Amoth Point
Randy;Henderson;1983-06-04;rhendersondg@purevolume.com;86-(558)719-6311;155 Northview Junction
Mary;Lawrence;1995-09-30;mlawrencedh@myspace.com;62-(896)463-9306;54 Ridge Oak Lane
Donna;Cox;1991-11-22;dcoxdi@163.com;260-(671)249-0861;3169 Forest Terrace
Emily;Cole;1999-05-05;ecoledj@jalbum.net;62-(963)511-9058;530 Crest Line Court
Ruth;Parker;1994-05-18;rparkerdk@unesco.org;46-(319)437-5594;31572 Warrior Junction
Brenda;Fisher;1993-06-30;bfisherdl@google.com.hk;507-(261)395-1617;413 International Hill
Samuel;Woods;1996-05-09;swoodsdm@hc360.com;49-(848)576-3107;31538 Morrow Lane
Mildred;Smith;1982-05-14;msmithdn@trellian.com;33-(558)615-4052;6538 Stephen Drive
Andrea;Reyes;1990-10-19;areyesdo@va.gov;351-(918)143-3600;7 Cordelia Circle
Jason;Sims;1983-11-08;jsimsdp@addthis.com;502-(192)827-4193;763 Anniversary Point
Juan;Nguyen;1999-12-15;jnguyendq@msn.com;81-(312)953-8041;36415 Westend Circle
Joseph;Elliott;1993-06-28;jelliottdr@jigsy.com;62-(546)334-5449;8 Buhler Park
Carl;Scott;1995-02-11;cscottds@wp.com;62-(911)132-2302;07692 Thackeray Place
Kenneth;Hamilton;1998-12-25;khamiltondt@instagram.com;33-(322)188-7665;22 Warrior Lane
Marie;West;1995-06-14;mwestdu@accuweather.com;1-(701)909-9526;50 Merry Circle
Antonio;Russell;1998-07-05;arusselldv@issuu.com;86-(673)249-0606;3822 La Follette Lane
Ashley;Reid;1997-05-20;areiddw@live.com;63-(932)730-3688;91373 Jenna Circle
Jack;Berry;1998-08-16;jberrydx@barnesandnoble.com;353-(457)280-1161;3 Kim Trail
Debra;Barnes;1983-04-12;dbarnesdy@1688.com;234-(808)651-7650;656 Brickson Park Drive
Roger;Willis;1991-02-19;rwillisdz@ed.gov;503-(166)196-0278;7 Bellgrove Circle
Keith;Fields;1982-01-11;kfieldse0@weebly.com;62-(135)357-5050;6 Eagle Crest Lane
Lawrence;Henderson;1991-03-02;lhendersone1@goo.ne.jp;46-(487)116-1086;730 Leroy Terrace
Donna;Pierce;1987-01-03;dpiercee2@youtu.be;63-(765)858-8035;9 Hintze Avenue
Joseph;Duncan;1986-07-19;jduncane3@feedburner.com;84-(960)860-0449;3 Judy Parkway
Martin;Hill;1985-12-22;mhille4@wordpress.org;7-(988)471-3635;3037 Cherokee Alley
Harry;Hudson;1999-06-09;hhudsone5@salon.com;86-(255)619-1498;7566 Dennis Pass
Janice;Williamson;1998-01-02;jwilliamsone6@salon.com;86-(635)873-9810;71738 Tennyson Avenue
Henry;Weaver;1990-09-18;hweavere7@springer.com;420-(858)187-0126;334 Debs Street
Harry;Chapman;1983-11-02;hchapmane8@nsw.gov.au;86-(591)898-7169;3 Erie Plaza
Emily;Reid;1991-05-09;ereide9@whitehouse.gov;967-(354)321-8772;822 Beilfuss Crossing
Nancy;Chapman;1980-09-25;nchapmanea@loc.gov;30-(985)375-7253;765 Swallow Terrace
Roy;Shaw;1985-01-08;rshaweb@shareasale.com;62-(744)815-9697;7 Warrior Park
Paula;Kim;1991-05-20;pkimec@imageshack.us;86-(663)139-6543;32045 Hoard Avenue
Marie;Henderson;1993-10-31;mhendersoned@privacy.gov.au;233-(797)710-2747;2588 Lakewood Point
Alice;Gardner;1996-10-02;agardneree@addtoany.com;46-(655)763-8660;711 Harbort Center
Fred;Stanley;1993-01-06;fstanleyef@ycombinator.com;54-(648)953-1771;15 Ilene Alley
Ronald;Cruz;1982-12-17;rcruzeg@networksolutions.com;33-(710)880-0205;424 Dawn Terrace
Raymond;Welch;1988-01-12;rwelcheh@icio.us;351-(424)259-6492;6627 Westerfield Parkway
Gerald;Simmons;1983-04-27;gsimmonsei@engadget.com;55-(997)614-5025;5553 Texas Way
Sandra;Smith;1995-03-29;ssmithej@csmonitor.com;7-(495)835-5724;46679 Schmedeman Hill
Deborah;Bell;1997-12-28;dbellek@devhub.com;380-(341)773-5008;86042 Ohio Junction
Donna;Young;1998-12-24;dyoungel@comsenz.com;20-(671)532-8125;3 Texas Alley
Sandra;Thompson;1984-06-22;sthompsonem@amazon.com;55-(683)135-6342;798 Homewood Drive
Paul;Hawkins;1996-11-12;phawkinsen@reference.com;86-(347)100-5881;80 Troy Terrace
Juan;Hamilton;1991-04-18;jhamiltoneo@biglobe.ne.jp;86-(460)985-8007;488 Mccormick Crossing
Christine;Johnston;1988-03-30;cjohnstonep@opera.com;62-(481)514-9052;3381 Sachs Circle
Andrew;Roberts;1995-06-27;arobertseq@friendfeed.com;977-(946)966-6046;3556 Ruskin Place
Judith;Reyes;1994-02-22;jreyeser@mlb.com;66-(361)143-6786;5617 Oak Plaza
Brenda;Mason;1995-08-21;bmasones@moonfruit.com;63-(394)557-2765;84 American Park
Mary;Alvarez;1994-09-10;malvarezet@mashable.com;98-(255)546-9616;7560 Prairie Rose Avenue
Earl;George;1982-11-03;egeorgeeu@virginia.edu;7-(493)463-2850;2 Anthes Street
Rebecca;Harrison;1987-11-16;rharrisonev@cornell.edu;47-(853)407-4590;393 Elmside Plaza
Jeffrey;Jordan;1996-02-27;jjordanew@facebook.com;973-(465)553-0206;4056 Clove Way
Jeremy;Gutierrez;1982-03-26;jgutierrezex@nsw.gov.au;507-(706)452-3244;6696 Pennsylvania Place
Marilyn;Myers;1986-03-06;mmyersey@liveinternet.ru;249-(451)348-0123;917 Sycamore Point
Harold;Jackson;1991-08-10;hjacksonez@lulu.com;33-(775)235-5278;4 Fulton Alley
Paula;Gray;1983-10-11;pgrayf0@canalblog.com;7-(544)396-3572;12847 Coleman Hill
Frances;Mendoza;1997-05-12;fmendozaf1@reference.com;355-(618)316-1471;53 Hazelcrest Plaza
Amy;Cook;1988-03-09;acookf2@washington.edu;46-(992)354-1644;21117 Fieldstone Terrace
Bobby;Rodriguez;1981-12-29;brodriguezf3@google.com.br;62-(901)140-9288;2919 Old Gate Street
Jessica;Riley;1990-09-13;jrileyf4@csmonitor.com;62-(179)405-1111;7 Kedzie Lane
George;Robertson;1991-08-22;grobertsonf5@nymag.com;46-(110)753-5348;74 Arrowood Place
Joshua;Harper;1989-08-24;jharperf6@elegantthemes.com;62-(961)639-6733;1777 7th Lane
Philip;Lane;1994-01-04;planef7@si.edu;86-(783)212-6290;5665 Rusk Circle
Catherine;Sims;1981-05-22;csimsf8@mlb.com;7-(471)147-6807;0920 Toban Trail
Tammy;Hayes;1998-07-17;thayesf9@printfriendly.com;57-(750)160-2014;0 John Wall Parkway
Michelle;Williamson;1994-09-27;mwilliamsonfa@hugedomains.com;7-(471)419-8686;87 Pennsylvania Lane
Marie;Rice;1995-03-13;mricefb@github.io;63-(847)444-1411;8 Schlimgen Avenue
Nancy;Carr;1982-10-25;ncarrfc@ehow.com;86-(929)608-9750;1 Springs Crossing
Gloria;Gomez;1997-04-19;ggomezfd@ftc.gov;7-(998)976-7642;1 Mendota Center
Pamela;Nguyen;1987-12-24;pnguyenfe@home.pl;93-(513)665-0188;6871 Clyde Gallagher Parkway
Ann;Arnold;1980-05-20;aarnoldff@ucla.edu;81-(603)861-1854;517 Wayridge Street
Howard;Sanchez;1995-08-21;hsanchezfg@nifty.com;57-(970)836-6071;83 Anzinger Circle
Annie;Reynolds;1986-02-11;areynoldsfh@salon.com;31-(255)761-2113;46200 Chinook Circle
Tammy;Armstrong;1991-12-02;tarmstrongfi@mit.edu;375-(107)902-5134;3994 Bunker Hill Center
Carlos;Hart;1994-03-21;chartfj@xrea.com;7-(133)237-3450;0994 Vermont Avenue
Alice;Thompson;1985-04-03;athompsonfk@etsy.com;48-(713)236-2642;5 Starling Circle
Timothy;Fuller;1986-10-01;tfullerfl@jiathis.com;46-(900)242-5949;87260 Vermont Crossing
Walter;Cole;1981-03-02;wcolefm@surveymonkey.com;63-(328)122-9943;345 Lukken Crossing
Ashley;Dean;1997-09-20;adeanfn@bizjournals.com;7-(861)819-5336;8575 Lien Point
Henry;Moreno;1980-06-12;hmorenofo@mail.ru;995-(786)876-4642;7 Linden Point
Bobby;Harvey;1997-06-13;bharveyfp@wikia.com;7-(125)406-5485;8 Sage Junction
Bobby;Henderson;1991-04-11;bhendersonfq@senate.gov;7-(653)514-8832;5 Arapahoe Street
Marilyn;Simmons;1983-01-08;msimmonsfr@edublogs.org;55-(165)206-5907;53 Homewood Alley
Michael;Garcia;1983-08-22;mgarciafs@ifeng.com;351-(169)407-1535;16164 Schlimgen Avenue
Dennis;Cooper;1994-01-22;dcooperft@xrea.com;81-(561)519-9513;2 Macpherson Place
Diana;Hill;1986-05-31;dhillfu@rakuten.co.jp;962-(606)585-5830;2545 Eastlawn Hill
Ruby;Cox;1991-05-30;rcoxfv@pinterest.com;967-(460)942-4411;4 Pearson Alley
Paula;Welch;1980-08-25;pwelchfw@yahoo.co.jp;7-(893)749-5930;2764 Forest Run Lane
Christina;Lane;1991-08-15;clanefx@berkeley.edu;86-(633)868-4778;4491 Village Green Trail
Jason;Sims;1986-10-01;jsimsfy@hibu.com;351-(529)800-5336;5 Banding Way
Lori;Turner;1988-12-15;lturnerfz@addtoany.com;48-(331)181-7822;52999 Victoria Avenue
Mary;Matthews;1994-11-12;mmatthewsg0@dedecms.com;86-(147)997-1320;4 Nancy Street
Elizabeth;Willis;1988-02-28;ewillisg1@goo.gl;54-(390)271-6882;3412 Hallows Avenue
Sharon;Jones;1988-11-16;sjonesg2@oakley.com;86-(809)394-2981;7319 Havey Court
Eric;Day;1993-12-07;edayg3@cbc.ca;86-(203)669-6481;210 Weeping Birch Plaza
Paula;Hanson;1987-10-23;phansong4@ocn.ne.jp;86-(798)927-8072;0 Riverside Alley
Thomas;Wood;1991-03-28;twoodg5@whitehouse.gov;7-(908)603-6353;9 Hovde Avenue
Andrea;Ramirez;1995-04-06;aramirezg6@ed.gov;7-(845)865-7129;945 Stephen Terrace
Bruce;Ferguson;1989-06-25;bfergusong7@ucoz.com;351-(802)745-1879;05 Lake View Center
Ruth;Hunt;1995-06-18;rhuntg8@mediafire.com;86-(432)961-7729;09 Dovetail Court
Amy;Green;1982-06-02;agreeng9@addtoany.com;92-(154)436-1460;124 New Castle Place
Virginia;Wood;1995-08-02;vwoodga@whitehouse.gov;86-(511)620-0607;1205 Kropf Street
Ashley;Hernandez;1999-10-21;ahernandezgb@yellowbook.com;1-(701)317-8095;24360 Rutledge Drive
Doris;Hansen;1981-07-08;dhansengc@ow.ly;51-(312)894-6825;50073 Grim Street
Jeffrey;Harris;1999-12-10;jharrisgd@blogger.com;58-(638)518-3190;4 Packers Plaza
Cheryl;Fowler;1982-04-23;cfowlerge@mozilla.com;98-(161)534-5030;6 Anniversary Crossing
Stephen;Rodriguez;1981-11-20;srodriguezgf@istockphoto.com;86-(660)923-8997;6230 Red Cloud Center
Jessica;Stone;1982-09-16;jstonegg@bloglovin.com;86-(877)572-5201;2 Nova Pass
George;Cook;1995-07-18;gcookgh@google.com.au;86-(139)494-3314;0051 Florence Junction
Beverly;Hamilton;1994-02-23;bhamiltongi@buzzfeed.com;216-(831)786-4097;71951 Havey Lane
Linda;Reynolds;1987-09-14;lreynoldsgj@ucla.edu;420-(113)562-9918;63 Melrose Avenue
Andrew;Freeman;1993-06-08;afreemangk@skype.com;351-(636)788-4996;25196 Fallview Plaza
Katherine;Jones;1983-04-03;kjonesgl@timesonline.co.uk;380-(539)626-4218;104 Sheridan Avenue
Beverly;Hughes;1994-09-26;bhughesgm@archive.org;55-(871)897-2607;1233 Messerschmidt Center
Margaret;Garcia;2000-01-09;mgarciagn@jiathis.com;62-(371)136-7797;5158 Sage Place
Earl;Alexander;1995-12-13;ealexandergo@cdc.gov;86-(833)952-2636;0 Morning Junction
Julia;Bowman;1984-04-01;jbowmangp@mlb.com;7-(383)730-0848;39 Corben Junction
Beverly;Young;1994-04-03;byounggq@berkeley.edu;62-(287)634-7916;221 Moose Terrace
Keith;Hall;1980-09-10;khallgr@vimeo.com;86-(111)726-2595;88 Fairview Plaza
Craig;Knight;1985-02-21;cknightgs@tiny.cc;358-(261)615-0988;336 Lukken Court
Kathy;Wagner;1981-03-19;kwagnergt@weebly.com;63-(731)665-1849;1862 Roth Avenue
Mark;Kelley;1984-09-18;mkelleygu@seattletimes.com;7-(201)711-3475;9 Lukken Point
Donald;Hudson;1993-02-11;dhudsongv@oakley.com;81-(899)177-2179;6 Melvin Pass
Lisa;Warren;1988-07-13;lwarrengw@digg.com;66-(940)893-3352;178 Oak Place
Virginia;Patterson;1997-03-06;vpattersongx@ox.ac.uk;358-(428)495-5160;6963 Nevada Hill
Virginia;Hart;1991-10-09;vhartgy@comcast.net;30-(412)983-1001;588 Commercial Plaza
Tammy;Gonzalez;1982-04-13;tgonzalezgz@mozilla.org;66-(862)504-4199;397 Schmedeman Crossing
Phillip;Hughes;1985-09-29;phughesh0@ox.ac.uk;351-(254)318-7934;12039 Gateway Junction
Richard;Cox;1983-03-28;rcoxh1@epa.gov;63-(490)286-8027;28 Schlimgen Place
Jimmy;Richards;1993-10-01;jrichardsh2@angelfire.com;63-(690)926-1376;23 Grover Parkway
Deborah;Lopez;1983-05-06;dlopezh3@google.ru;33-(203)284-7266;1791 Sachs Street
Benjamin;West;1981-04-21;bwesth4@ehow.com;216-(179)149-6130;4 Sachs Hill
Evelyn;Bell;1998-10-23;ebellh5@wordpress.org;48-(252)873-2829;81 Menomonie Way
Amanda;Lopez;1983-07-29;alopezh6@europa.eu;46-(976)543-0266;6489 International Court
Nicholas;Watson;1991-09-20;nwatsonh7@simplemachines.org;86-(830)505-4182;10 Manufacturers Plaza
Lawrence;Hughes;1982-04-24;lhughesh8@dion.ne.jp;33-(222)549-5299;3 Derek Way
Theresa;Watson;1986-06-29;twatsonh9@google.it;62-(568)904-8695;6845 Coolidge Junction
Karen;Fernandez;1995-05-13;kfernandezha@fema.gov;7-(402)899-6839;9986 Coleman Hill
Linda;Montgomery;1984-06-18;lmontgomeryhb@comcast.net;58-(569)268-4826;869 School Drive
Lisa;Lane;1993-04-27;llanehc@hubpages.com;55-(559)421-8215;54 Duke Pass
Todd;Matthews;1994-08-16;tmatthewshd@earthlink.net;48-(941)748-6433;4 Glendale Pass
Ernest;Chavez;1980-11-23;echavezhe@spotify.com;375-(654)159-1164;15 Green Ridge Point
Ronald;Hayes;1991-02-17;rhayeshf@vk.com;86-(750)778-7416;84 Derek Point
Denise;Young;1995-11-15;dyounghg@bbc.co.uk;1-(269)721-3994;5465 Hansons Street
Diana;Gibson;1984-06-24;dgibsonhh@indiatimes.com;62-(662)614-6464;246 Anniversary Center
Jerry;Mccoy;1994-05-05;jmccoyhi@jalbum.net;55-(446)750-2864;08422 Debs Pass
Carol;Hansen;1981-02-14;chansenhj@who.int;62-(706)284-5226;7547 Lakewood Gardens Center
Janice;Ford;1982-03-30;jfordhk@cargocollective.com;380-(611)243-8830;388 Cascade Point
Kimberly;Simmons;1998-11-24;ksimmonshl@vkontakte.ru;86-(991)939-4019;470 International Drive
Fred;Johnston;1998-01-28;fjohnstonhm@vinaora.com;381-(758)315-6859;75063 Kropf Place
Brian;Mitchell;1988-09-09;bmitchellhn@people.com.cn;7-(280)953-4726;02803 Menomonie Place
Mark;Martin;1991-11-07;mmartinho@webeden.co.uk;1-(808)692-6760;47200 Namekagon Junction
Harold;Alvarez;1996-06-07;halvarezhp@t.co;351-(700)926-1692;66746 Tony Junction
Alan;Oliver;1986-12-04;aoliverhq@blogspot.com;7-(625)789-7101;87 Melvin Parkway
Cheryl;Harper;1985-12-22;charperhr@webnode.com;51-(586)647-9971;1456 Meadow Valley Alley
Marie;Turner;1998-01-24;mturnerhs@hugedomains.com;62-(719)782-0249;3 Debs Pass
Ann;Freeman;1980-12-28;afreemanht@utexas.edu;380-(941)455-2751;6 Briar Crest Crossing
Jennifer;Rodriguez;1982-08-02;jrodriguezhu@howstuffworks.com;509-(333)992-7853;40 Oak Pass
Betty;Greene;1988-10-22;bgreenehv@wsj.com;380-(123)105-9904;2 Moulton Crossing
Joshua;Weaver;1996-08-02;jweaverhw@oakley.com;55-(398)246-5092;220 Maple Wood Terrace
Irene;Romero;1994-06-21;iromerohx@flavors.me;63-(352)255-9559;754 Tony Street
Jeffrey;Hill;1994-02-03;jhillhy@ifeng.com;63-(817)597-7115;97 Mifflin Center
Ralph;Daniels;1980-05-01;rdanielshz@sourceforge.net;86-(974)715-4197;8 Helena Plaza
Carl;Nichols;1989-05-08;cnicholsi0@last.fm;420-(165)424-4632;485 Northland Lane
Terry;Campbell;1997-07-30;tcampbelli1@ocn.ne.jp;62-(122)494-7719;51 Monument Terrace
Julia;Olson;1998-06-13;jolsoni2@bizjournals.com;380-(355)617-9083;1 Westerfield Parkway
Ruth;Williams;1997-05-01;rwilliamsi3@cbslocal.com;227-(372)238-7751;34901 Schlimgen Terrace
Harry;Jordan;1986-01-24;hjordani4@oracle.com;55-(406)224-9927;3 Golden Leaf Lane
Anthony;Hudson;1990-11-10;ahudsoni5@about.me;385-(150)900-6248;979 Merry Hill
Clarence;Sims;1998-04-08;csimsi6@chicagotribune.com;880-(622)398-9697;16 Fieldstone Parkway
Melissa;Alvarez;1995-08-01;malvarezi7@macromedia.com;86-(993)522-6785;32582 Spenser Park
Sarah;Jones;1988-10-23;sjonesi8@stumbleupon.com;57-(638)621-7344;13 Caliangt Road
Bobby;Carter;1986-08-12;bcarteri9@springer.com;95-(413)649-9245;91 Buell Street
Lisa;Nguyen;1990-08-13;lnguyenia@blinklist.com;234-(351)398-1777;7005 West Way
Emily;Campbell;1998-11-16;ecampbellib@walmart.com;66-(270)277-6979;263 Hovde Lane
Robert;Alvarez;1986-10-01;ralvarezic@prlog.org;27-(653)253-2759;47 Monterey Hill
Lillian;Black;1982-02-20;lblackid@pagesperso-orange.fr;48-(353)293-7601;39 Amoth Point
Tina;Lynch;1992-04-19;tlynchie@hostgator.com;380-(200)189-2187;3 Elmside Park
Linda;Nichols;1984-11-28;lnicholsif@utexas.edu;63-(646)748-3844;0 Old Shore Lane
Samuel;Perkins;1997-04-13;sperkinsig@stanford.edu;27-(386)625-1527;35 Stephen Plaza
Nancy;Stone;1983-08-14;nstoneih@google.co.jp;30-(280)406-1348;567 Loomis Center
Jonathan;Martinez;1995-06-24;jmartinezii@privacy.gov.au;57-(799)777-9241;176 Drewry Point
Andrew;Harper;1996-02-06;aharperij@amazon.com;86-(505)695-1338;25864 Killdeer Circle
Phyllis;Richards;1992-02-10;prichardsik@tripod.com;63-(119)221-0863;29 Clarendon Road
Jean;Murray;1995-06-21;jmurrayil@taobao.com;380-(271)959-4623;4 Bonner Place
Stephen;Garrett;1996-06-09;sgarrettim@t-online.de;46-(514)347-4197;70548 Debs Crossing
Jane;Gutierrez;1994-09-16;jgutierrezin@epa.gov;255-(511)556-7226;14 Maywood Street
Anne;Weaver;1995-10-03;aweaverio@ucla.edu;86-(509)983-7811;3 Darwin Avenue
Dennis;Morris;1994-01-18;dmorrisip@auda.org.au;86-(300)761-5138;5780 Pepper Wood Avenue
Gary;Greene;1999-12-03;ggreeneiq@huffingtonpost.com;52-(373)604-7891;26928 6th Terrace
Victor;Morales;1990-05-23;vmoralesir@constantcontact.com;48-(647)959-4569;6 7th Plaza
Adam;Weaver;1997-08-17;aweaveris@slashdot.org;86-(827)797-0218;8378 Cambridge Pass
Angela;Ramos;1988-03-14;aramosit@blog.com;55-(344)269-4848;238 East Avenue
Ruby;Griffin;1985-11-07;rgriffiniu@joomla.org;351-(918)207-3981;93 Elgar Avenue
Lawrence;Wilson;1983-01-15;lwilsoniv@mozilla.org;380-(463)254-8443;31 Fuller Avenue
Amy;Watkins;1992-11-23;awatkinsiw@bigcartel.com;62-(735)755-3611;21429 6th Pass
Brenda;Parker;1987-07-14;bparkerix@weebly.com;86-(609)439-8746;0884 Lakeland Lane
Susan;Nelson;1985-02-21;snelsoniy@theatlantic.com;263-(893)585-6704;41 Texas Junction
Deborah;Welch;1986-09-16;dwelchiz@nifty.com;380-(563)131-9753;986 Melrose Parkway
Laura;Franklin;1989-07-17;lfranklinj0@elegantthemes.com;351-(278)892-2872;264 Erie Park
Virginia;Austin;1999-07-22;vaustinj1@ucoz.com;81-(666)953-8336;5403 Hoard Crossing
Jane;Peters;1981-07-16;jpetersj2@ovh.net;66-(162)997-0017;9668 Farragut Parkway
Bonnie;Collins;1987-05-19;bcollinsj3@washingtonpost.com;591-(460)802-5312;0 Cottonwood Road
Judy;Palmer;1998-09-18;jpalmerj4@google.co.uk;63-(570)328-0465;0670 Fremont Place
Ronald;Butler;1997-08-13;rbutlerj5@scribd.com;84-(765)553-9233;4164 Oxford Avenue
Willie;Griffin;1983-03-11;wgriffinj6@friendfeed.com;212-(501)382-9344;94 Ronald Regan Hill
Denise;Carroll;1986-02-06;dcarrollj7@cafepress.com;269-(864)980-7745;65 Homewood Road
Linda;Richardson;1982-12-11;lrichardsonj8@artisteer.com;57-(172)131-2313;19 Swallow Drive
Mary;Stevens;1980-04-14;mstevensj9@paginegialle.it;33-(874)973-5147;938 Monterey Place
Joshua;Alexander;1994-05-05;jalexanderja@desdev.cn;32-(905)189-2336;81373 Michigan Street
Joyce;Hughes;1988-05-26;jhughesjb@4shared.com;86-(356)617-7217;83 Redwing Pass
Jeremy;Hudson;1986-10-17;jhudsonjc@so-net.ne.jp;7-(757)462-9385;53623 Farmco Plaza
Nicholas;Bradley;1982-07-08;nbradleyjd@seesaa.net;86-(542)795-4730;981 Bayside Way
Sean;Matthews;1989-04-06;smatthewsje@europa.eu;92-(920)760-3092;3909 Troy Hill
Victor;Knight;1985-08-02;vknightjf@yahoo.co.jp;591-(610)963-3011;6004 Carpenter Court
Matthew;Sanchez;1983-03-02;msanchezjg@dailymotion.com;7-(540)321-7927;53985 Londonderry Circle
Bruce;Rice;1984-03-02;bricejh@seesaa.net;86-(878)571-0641;916 Mesta Terrace
Sarah;Brown;1990-03-13;sbrownji@sfgate.com;55-(752)341-6093;43 Spenser Parkway
Louise;Arnold;1991-07-05;larnoldjj@shareasale.com;63-(583)573-9122;7 Bowman Street
Roger;Castillo;1985-10-26;rcastillojk@aol.com;81-(351)940-7393;46 Packers Crossing
Marilyn;Nguyen;1985-11-09;mnguyenjl@aboutads.info;62-(598)135-6943;36855 Union Hill
Christopher;Richardson;1998-01-26;crichardsonjm@ca.gov;81-(563)983-0624;07 Service Trail
Robert;Ward;1992-08-21;rwardjn@nasa.gov;48-(390)488-1230;6135 Anderson Lane
Donna;Hunt;1985-12-03;dhuntjo@paypal.com;351-(288)919-0593;84 Melvin Trail
Denise;Ortiz;1997-08-15;dortizjp@etsy.com;62-(434)890-3951;587 Hazelcrest Lane
Louis;Schmidt;1984-06-01;lschmidtjq@ask.com;51-(306)793-1027;2 Pine View Center
Paula;Patterson;1998-08-24;ppattersonjr@unicef.org;84-(516)814-7456;9 Sachs Court
Shirley;White;1992-10-07;swhitejs@flickr.com;221-(814)930-4236;972 Jenifer Avenue
Victor;Dixon;1987-01-27;vdixonjt@bloglovin.com;62-(191)720-1399;62 Talmadge Plaza
Benjamin;Morales;1985-05-14;bmoralesju@privacy.gov.au;374-(581)482-9489;493 Village Green Drive
Andrea;Franklin;1986-11-02;afranklinjv@earthlink.net;86-(128)257-0548;08 Kedzie Trail
Chris;Stephens;1998-04-13;cstephensjw@deviantart.com;351-(628)373-6538;755 Namekagon Avenue
Amy;Gordon;1987-05-09;agordonjx@pbs.org;380-(480)608-2258;94988 Mallard Junction
Jimmy;Stevens;1985-04-13;jstevensjy@bigcartel.com;7-(705)996-1528;17996 Bonner Junction
Joan;Gardner;1987-05-07;jgardnerjz@edublogs.org;234-(312)417-1628;10 Fieldstone Junction
Denise;Daniels;1995-07-03;ddanielsk0@marriott.com;47-(171)896-7596;2 Autumn Leaf Parkway
Ashley;Sullivan;1994-05-07;asullivank1@furl.net;33-(373)481-5794;9 Cardinal Junction
Nicholas;Hicks;1991-08-04;nhicksk2@wp.com;1-(404)679-7099;0621 Dakota Plaza
Bonnie;Crawford;1998-08-22;bcrawfordk3@blinklist.com;86-(314)973-5243;0 Farragut Crossing
Ruth;Burke;1987-10-04;rburkek4@joomla.org;54-(352)951-7302;508 Moland Lane
Mark;Stevens;1990-11-14;mstevensk5@canalblog.com;55-(456)925-3321;6 Oak Valley Court
Kevin;Hart;1999-03-14;khartk6@behance.net;86-(429)162-6788;64 Russell Point
Joshua;James;1981-08-06;jjamesk7@bloomberg.com;7-(661)528-1482;839 American Ash Hill
Aaron;Ellis;1987-03-13;aellisk8@intel.com;234-(556)169-5212;78 Kropf Road
Brenda;Perry;1999-07-25;bperryk9@sun.com;55-(552)508-1490;1 Pine View Drive
John;Reyes;1988-05-23;jreyeska@oakley.com;27-(715)739-0233;0208 Esker Avenue
Juan;Reed;1982-07-24;jreedkb@ed.gov;86-(971)727-1317;65 Schurz Road
Sean;Taylor;1989-04-29;staylorkc@webs.com;255-(348)784-6822;91722 Donald Drive
Doris;Perkins;1995-11-12;dperkinskd@auda.org.au;98-(918)834-2154;1 Prairieview Center
Wayne;Patterson;1986-05-05;wpattersonke@seattletimes.com;380-(852)876-1331;3 Artisan Street
Gloria;Grant;1988-07-27;ggrantkf@vimeo.com;86-(441)254-5580;88857 Weeping Birch Parkway
Earl;Fields;1992-10-15;efieldskg@earthlink.net;507-(909)393-3906;8833 Doe Crossing Center
Frances;Hansen;1994-08-28;fhansenkh@goo.gl;351-(559)734-2378;01 Anzinger Junction
Paul;Bradley;1991-12-30;pbradleyki@earthlink.net;33-(404)955-3232;844 Dawn Terrace
Ruth;Moore;1984-12-24;rmoorekj@opensource.org;86-(513)911-7142;2556 Hagan Park
Irene;Daniels;1985-01-15;idanielskk@woothemes.com;504-(798)973-4088;62029 Butterfield Way
Mary;Martin;1984-01-08;mmartinkl@microsoft.com;62-(252)943-9501;18640 Del Sol Alley
Ruby;Riley;1986-03-11;rrileykm@nsw.gov.au;86-(786)217-6619;94347 Atwood Hill
Tammy;Graham;1986-10-07;tgrahamkn@wordpress.com;48-(558)260-2478;9 Blue Bill Park Alley
Julie;Dunn;1990-11-19;jdunnko@mashable.com;92-(533)118-7748;695 Grasskamp Drive
David;Hunter;1998-03-18;dhunterkp@com.com;7-(350)815-7489;51 Bluestem Lane
Randy;Gomez;1984-04-08;rgomezkq@eventbrite.com;86-(683)772-4376;3 Hudson Park
Ralph;Austin;1995-04-20;raustinkr@toplist.cz;48-(248)728-6265;55 Blaine Trail
Martin;Carter;1989-06-13;mcarterks@discuz.net;93-(211)410-8340;5 Texas Avenue
Norma;Patterson;1991-06-18;npattersonkt@posterous.com;62-(378)126-2928;5 Scoville Junction
Howard;Wilson;1981-09-14;hwilsonku@reuters.com;265-(846)443-5868;59508 Anthes Parkway
Ralph;Coleman;1982-01-26;rcolemankv@github.io;7-(308)583-4202;11 Hanson Parkway
Willie;Torres;1982-02-01;wtorreskw@squidoo.com;62-(579)718-1971;376 Evergreen Parkway
Melissa;Adams;1989-12-15;madamskx@reference.com;680-(719)221-5691;38299 High Crossing Junction
Benjamin;Hunt;1983-11-21;bhuntky@tripadvisor.com;81-(205)366-7793;1 Bartillon Road
Dorothy;Ferguson;1989-08-09;dfergusonkz@bbb.org;62-(216)739-2983;25381 Westerfield Court
Ernest;Torres;1999-12-11;etorresl0@yahoo.co.jp;52-(349)942-6758;31515 Anhalt Place
Barbara;Long;1996-06-18;blongl1@github.io;355-(682)445-2119;80 Schiller Lane
Kathryn;Fuller;1988-12-13;kfullerl2@cyberchimps.com;387-(890)808-0406;1 Springs Terrace
Willie;Duncan;1998-05-29;wduncanl3@auda.org.au;62-(719)808-5157;19 Warbler Parkway
Judith;Washington;1993-11-20;jwashingtonl4@spotify.com;86-(975)998-0093;6 Almo Lane
Paul;Gray;1995-07-23;pgrayl5@wisc.edu;351-(481)444-3690;90 South Terrace
Brian;Morris;1983-12-21;bmorrisl6@cbslocal.com;57-(848)718-8164;8 Farragut Place
Maria;Berry;1992-03-28;mberryl7@ibm.com;86-(853)207-0520;0040 Toban Way
Donna;Garza;1987-06-28;dgarzal8@symantec.com;63-(334)146-6612;50696 Hanover Street
Willie;Harrison;1996-09-13;wharrisonl9@youtu.be;62-(835)939-2892;879 Hayes Street
Henry;Mcdonald;1985-07-28;hmcdonaldla@jimdo.com;1-(915)115-7078;553 Valley Edge Park
Katherine;Banks;1984-02-12;kbankslb@blog.com;7-(148)600-3802;70 Debs Alley
Louise;Gray;1994-04-27;lgraylc@typepad.com;63-(275)762-5714;02 Arizona Hill
Debra;Burns;1995-12-01;dburnsld@bloglovin.com;86-(455)957-4606;04643 Fieldstone Plaza
Frances;Cole;1984-02-26;fcolele@spotify.com;63-(712)486-3218;8896 Mccormick Park
Diane;Gray;1981-06-14;dgraylf@gizmodo.com;86-(920)100-1805;6638 Havey Plaza
Amy;Fowler;1989-11-07;afowlerlg@sfgate.com;62-(324)336-8650;61 Luster Court
William;Robinson;1989-06-20;wrobinsonlh@dyndns.org;86-(138)873-7545;39 Morningstar Hill
David;Moore;1998-07-19;dmooreli@quantcast.com;62-(156)751-4115;08 Caliangt Junction
Samuel;Jacobs;1999-10-20;sjacobslj@fastcompany.com;63-(186)851-4020;910 Merchant Court
Ann;Chavez;1999-05-09;achavezlk@360.cn;27-(530)934-3260;31 Grover Way
Kathleen;Carter;1992-11-10;kcarterll@walmart.com;63-(196)528-3489;7664 1st Way
Kimberly;Stone;1997-08-27;kstonelm@rambler.ru;355-(378)258-7647;63 Elka Way
Carl;Meyer;2000-02-03;cmeyerln@networkadvertising.org;31-(414)532-7241;09956 Haas Plaza
Gloria;Arnold;1999-02-13;garnoldlo@comcast.net;358-(101)598-3806;45 Manitowish Parkway
Roger;Mason;1981-09-07;rmasonlp@cocolog-nifty.com;56-(230)900-6403;6 Anthes Way
Jane;Ford;1995-02-12;jfordlq@sohu.com;46-(508)272-2546;7935 Petterle Drive
William;Shaw;1985-08-11;wshawlr@miibeian.gov.cn;7-(648)783-4882;05924 Fairfield Trail
Douglas;Franklin;1980-05-29;dfranklinls@bizjournals.com;62-(747)887-1898;7 Steensland Hill
Catherine;Collins;1997-02-13;ccollinslt@mozilla.org;62-(638)267-7355;950 Hanson Parkway
Marilyn;Baker;1983-12-23;mbakerlu@biblegateway.com;30-(912)249-1198;13 Dawn Trail
Diane;Collins;1997-08-12;dcollinslv@twitpic.com;7-(937)354-4330;3017 Brickson Park Road
Rebecca;Arnold;1996-03-27;rarnoldlw@simplemachines.org;227-(608)539-9426;9998 Rigney Court
Kathy;Dean;1993-09-05;kdeanlx@google.fr;33-(785)163-6205;2969 Stephen Terrace
Chris;Elliott;1997-10-06;celliottly@cisco.com;58-(264)985-5111;5 Maple Center
Sara;Wright;1997-08-27;swrightlz@shareasale.com;7-(481)435-9866;5 Westridge Way
Craig;Cruz;1984-12-27;ccruzm0@google.com.br;62-(870)593-1250;41436 Cottonwood Trail
Frank;Duncan;1990-04-18;fduncanm1@bbb.org;66-(385)291-0669;4 Elgar Drive
Marie;Dixon;1980-04-08;mdixonm2@surveymonkey.com;32-(316)810-1015;3 Pawling Street
Cheryl;Morales;1988-06-23;cmoralesm3@networksolutions.com;51-(267)462-6729;85340 Mayfield Point
Gregory;Young;1981-09-16;gyoungm4@un.org;7-(118)176-4351;5996 Monica Avenue
Louise;Bradley;1981-07-24;lbradleym5@skyrock.com;86-(492)909-4109;0 Jenifer Lane
Diana;Ellis;1989-07-16;dellism6@ted.com;81-(408)183-6146;0258 Brentwood Court
Jean;Hicks;1996-11-26;jhicksm7@auda.org.au;970-(296)448-5002;9 Pierstorff Park
Scott;Dixon;1982-03-31;sdixonm8@ustream.tv;62-(299)602-6068;75337 Portage Plaza
Heather;Wells;1981-12-09;hwellsm9@nsw.gov.au;86-(805)285-9833;35920 Novick Crossing
Phillip;Burton;1997-03-06;pburtonma@github.io;98-(227)503-3214;0714 Briar Crest Circle
Willie;Gray;1980-03-26;wgraymb@pcworld.com;242-(709)188-1935;9961 Village Street
Aaron;Barnes;1980-04-22;abarnesmc@hhs.gov;261-(795)600-1803;2 Evergreen Hill
Stephen;Fernandez;1996-10-20;sfernandezmd@github.com;86-(409)269-9323;33200 Lukken Point
Bonnie;Evans;1990-01-26;bevansme@friendfeed.com;55-(655)333-5701;48 Birchwood Alley
Howard;Pierce;2000-02-03;hpiercemf@cbslocal.com;351-(362)290-0767;31511 Browning Road
Kenneth;Richardson;1989-07-08;krichardsonmg@amazon.co.uk;358-(391)876-8883;6 Kim Drive
Joan;Taylor;1991-01-24;jtaylormh@wikispaces.com;55-(883)571-7688;8645 Hoffman Circle
Gregory;Long;1989-12-06;glongmi@cnbc.com;595-(145)438-7632;832 Morningstar Junction
Patrick;Bowman;1999-05-10;pbowmanmj@google.ca;63-(799)191-2870;98825 Glacier Hill Road
Harry;Rivera;1992-06-16;hriveramk@opera.com;62-(245)119-4385;45 Talisman Place
John;Stone;1980-04-30;jstoneml@chronoengine.com;62-(208)111-6574;5263 Lukken Court
Alan;Webb;1994-01-26;awebbmm@whitehouse.gov;86-(379)992-9725;393 John Wall Trail
Rose;Schmidt;1997-07-28;rschmidtmn@pen.io;62-(365)714-2863;622 8th Place
Ruby;Oliver;1997-08-08;rolivermo@e-recht24.de;55-(417)438-6720;2 Northridge Center
Patricia;Wells;1989-07-02;pwellsmp@google.cn;977-(258)226-2839;1466 Kenwood Hill
Donna;Cook;1980-10-05;dcookmq@hao123.com;7-(690)558-7464;3 Petterle Way
Teresa;Payne;1987-03-11;tpaynemr@angelfire.com;86-(825)479-2783;70 Blackbird Pass
Joshua;Shaw;1993-06-05;jshawms@sphinn.com;880-(123)243-8046;73270 Mifflin Lane
Gloria;Nelson;1985-11-11;gnelsonmt@imageshack.us;86-(121)674-2730;475 Montana Crossing
Amy;Mitchell;1998-09-21;amitchellmu@clickbank.net;62-(164)486-0244;53372 Cambridge Drive
Ashley;Wright;1989-08-22;awrightmv@sciencedirect.com;7-(183)386-2214;634 Union Place
Nicholas;Austin;1988-07-19;naustinmw@cisco.com;998-(842)454-6526;24 Blue Bill Park Lane
Dennis;Gray;1997-05-20;dgraymx@livejournal.com;63-(762)517-2531;12 Portage Park
Eric;Hayes;1987-10-14;ehayesmy@trellian.com;55-(984)540-2446;1 Dryden Trail
Julia;Lewis;1987-03-10;jlewismz@barnesandnoble.com;967-(423)710-2180;6 Marcy Alley
Karen;Watson;1994-04-10;kwatsonn0@jiathis.com;374-(923)365-5241;4 Dovetail Pass
Martin;Phillips;1981-03-08;mphillipsn1@desdev.cn;86-(552)928-9846;30865 Kennedy Way
Tammy;King;1999-06-19;tkingn2@com.com;46-(271)581-0613;2 Redwing Circle
Terry;Reynolds;1987-05-15;treynoldsn3@miitbeian.gov.cn;263-(993)910-4853;88934 Di Loreto Center
Patrick;Cole;1989-04-04;pcolen4@msn.com;62-(137)477-0016;948 Northfield Drive
Richard;Mills;1987-12-20;rmillsn5@yahoo.co.jp;353-(194)771-7126;4 Dahle Park
Carl;Phillips;1985-04-22;cphillipsn6@paypal.com;7-(283)591-1121;18622 Arkansas Point
Chris;Moore;1988-12-26;cmooren7@spiegel.de;385-(236)811-9664;818 Maple Wood Lane
Sara;Collins;1987-09-10;scollinsn8@ox.ac.uk;353-(689)289-5197;1251 Spohn Alley
Joshua;Pierce;1992-07-21;jpiercen9@prweb.com;51-(637)130-2319;6 Mariners Cove Pass
Jane;Wheeler;1986-03-16;jwheelerna@gravatar.com;33-(760)587-3058;187 Laurel Road
Shirley;Ross;1995-04-23;srossnb@utexas.edu;57-(429)863-4265;4801 Claremont Hill
Louise;Fisher;1987-11-15;lfishernc@t.co;55-(224)389-6579;95 School Place
Steven;Chavez;1990-01-23;schaveznd@cdc.gov;62-(944)576-0081;6 Basil Alley
Craig;Bryant;1998-12-23;cbryantne@godaddy.com;86-(647)683-8138;0302 Oak Valley Center
Susan;Cook;1986-08-15;scooknf@cisco.com;385-(589)651-3668;53072 Mockingbird Center
Daniel;Gutierrez;1991-08-27;dgutierrezng@home.pl;30-(216)548-8645;3953 Mccormick Point
Kathryn;Brooks;1988-04-13;kbrooksnh@psu.edu;261-(728)781-6120;23 Sunbrook Place
Judith;Austin;1992-07-30;jaustinni@craigslist.org;58-(335)665-8715;01 Scoville Circle
Anne;Lynch;1980-05-01;alynchnj@flickr.com;506-(424)741-1143;72 Spohn Drive
Cheryl;Miller;1983-02-08;cmillernk@blogtalkradio.com;86-(859)832-1213;60 Darwin Way
Howard;Thompson;1984-09-30;hthompsonnl@live.com;62-(570)406-1475;876 Monica Alley
Todd;Dunn;1990-09-02;tdunnnm@chron.com;380-(480)299-5652;63 Wayridge Terrace
Jeffrey;Fuller;1994-01-01;jfullernn@ibm.com;86-(903)885-0714;64550 Susan Point
Irene;Cruz;1988-01-20;icruzno@upenn.edu;972-(651)497-1495;3 Twin Pines Road
Gerald;Graham;1992-08-08;ggrahamnp@free.fr;48-(642)159-3811;1 Stone Corner Alley
Eugene;Jenkins;1995-09-12;ejenkinsnq@usa.gov;62-(746)110-6085;39113 Ridgeview Junction
Frances;Clark;1991-01-25;fclarknr@bloomberg.com;62-(638)286-0235;5837 Waubesa Street
Ashley;Franklin;1999-07-17;afranklinns@cbsnews.com;502-(495)892-3945;8947 Dakota Alley
Margaret;Howell;1984-04-01;mhowellnt@goo.ne.jp;375-(300)256-4023;689 Hanson Parkway
Steve;Marshall;1981-05-03;smarshallnu@linkedin.com;265-(959)886-0376;2 Macpherson Avenue
Chris;Fields;1998-08-01;cfieldsnv@fastcompany.com;223-(481)699-9353;774 Roxbury Lane
Russell;Cunningham;1990-10-10;rcunninghamnw@berkeley.edu;504-(496)807-1333;6 Old Gate Plaza
Irene;Smith;1992-09-24;ismithnx@craigslist.org;595-(500)656-5279;89 Daystar Road
Gerald;Wagner;1987-02-24;gwagnerny@vinaora.com;230-(456)527-6327;07 Jackson Hill
Tina;Freeman;1986-09-16;tfreemannz@umich.edu;353-(124)346-7733;37841 Towne Court
Joe;Simpson;1985-08-02;jsimpsono0@va.gov;36-(779)577-5910;8476 Elgar Pass
Jack;Mccoy;1988-07-19;jmccoyo1@salon.com;502-(174)198-4327;7932 Coolidge Avenue
Jimmy;Snyder;1997-02-05;jsnydero2@usda.gov;355-(422)913-0139;58 Hooker Trail
Jeremy;Porter;1989-02-18;jportero3@google.nl;46-(984)815-1698;2 Summer Ridge Plaza
Jose;Lawrence;1985-09-01;jlawrenceo4@sitemeter.com;63-(862)818-0607;06 Norway Maple Trail
Ryan;Lee;1999-05-07;rleeo5@digg.com;86-(243)710-3403;421 Sugar Plaza
Rachel;Alexander;1993-07-11;ralexandero6@earthlink.net;62-(877)861-1033;583 Carey Way
Ann;Morales;1981-02-12;amoraleso7@studiopress.com;970-(423)708-2272;65575 Brentwood Terrace
Sara;Griffin;1998-12-05;sgriffino8@mtv.com;86-(669)177-5894;01 Holy Cross Pass
Anne;Sanchez;1982-04-21;asanchezo9@1und1.de;221-(228)496-6181;313 Wayridge Park
Pamela;Patterson;1998-05-03;ppattersonoa@soup.io;48-(308)489-7637;35 Manufacturers Road
Shirley;Riley;1989-12-06;srileyob@cdc.gov;7-(682)748-6128;218 Ruskin Park
Frances;Hawkins;1988-09-29;fhawkinsoc@imageshack.us;81-(561)939-0206;8915 Anzinger Drive
Evelyn;Romero;1997-03-07;eromerood@fema.gov;509-(762)139-6963;3845 Mayer Alley
Alan;Dean;1989-02-25;adeanoe@cyberchimps.com;51-(646)930-9019;6460 Dapin Place
Douglas;Castillo;1980-05-15;dcastilloof@senate.gov;57-(862)466-9112;21252 Fieldstone Alley
Kimberly;Taylor;1988-10-09;ktaylorog@noaa.gov;63-(530)919-4635;8 Hoffman Court
David;Pierce;1996-04-16;dpierceoh@opensource.org;48-(340)178-2046;45600 Sunfield Street
Norma;Kim;1991-10-27;nkimoi@csmonitor.com;81-(394)926-6576;42 Warner Circle
Melissa;Wagner;1982-05-14;mwagneroj@photobucket.com;63-(898)612-7255;69795 Dakota Point
Howard;Fields;1989-10-13;hfieldsok@senate.gov;55-(411)712-5112;78865 Dawn Place
Terry;Scott;1982-11-02;tscottol@freewebs.com;358-(779)803-4553;84 Longview Drive
Henry;Bennett;1999-05-22;hbennettom@about.me;86-(421)199-0587;9 Sunfield Point
Mary;Lopez;1985-10-22;mlopezon@oracle.com;1-(510)742-6228;6361 Gerald Pass
Robert;Reynolds;1984-09-07;rreynoldsoo@purevolume.com;7-(179)710-8799;5724 Spenser Street
Amy;Grant;1997-05-07;agrantop@redcross.org;7-(630)342-8095;31 Union Avenue
Brandon;Ortiz;1994-08-26;bortizoq@irs.gov;55-(140)726-4715;519 Johnson Lane
Willie;Olson;1982-03-10;wolsonor@livejournal.com;1-(847)362-8753;41 Golden Leaf Alley
Helen;Smith;1986-08-21;hsmithos@altervista.org;46-(862)265-0798;36 Ridgeway Lane
Antonio;Shaw;1998-07-08;ashawot@jiathis.com;57-(981)931-7897;84 Granby Lane
Kathy;Perkins;1986-11-03;kperkinsou@hatena.ne.jp;54-(227)324-4563;2044 Dahle Street
Matthew;Ferguson;1989-01-23;mfergusonov@unblog.fr;591-(671)732-2035;23750 Melrose Trail
Sean;West;1987-06-18;swestow@goo.ne.jp;63-(459)319-0153;83750 Union Plaza
Ronald;Hall;1995-07-08;rhallox@blogtalkradio.com;1-(425)483-3452;5766 Michigan Court
Fred;Wright;1984-01-14;fwrightoy@sina.com.cn;86-(117)283-4402;1276 Banding Terrace
Carol;Larson;1996-11-27;clarsonoz@wp.com;976-(515)227-2021;27258 Dovetail Way
Alice;Fox;1986-10-15;afoxp0@wp.com;86-(896)427-9422;8 Clarendon Alley
Ernest;Harrison;1987-09-19;eharrisonp1@who.int;595-(813)371-8592;31255 Dayton Plaza
Antonio;Richards;1983-07-13;arichardsp2@blog.com;95-(329)570-4701;804 Nobel Park
Joseph;Barnes;1982-05-23;jbarnesp3@cloudflare.com;45-(129)574-4693;466 Elgar Pass
Brenda;Bryant;1994-05-09;bbryantp4@dion.ne.jp;358-(873)361-5062;36 Monica Court
Earl;Robertson;1991-01-03;erobertsonp5@techcrunch.com;1-(623)754-2807;1 Nobel Drive
Anne;Wagner;1987-02-11;awagnerp6@deliciousdays.com;62-(144)660-2286;93 Texas Way
Antonio;Ortiz;1994-03-13;aortizp7@cpanel.net;48-(505)495-0211;06488 Bunting Terrace
Walter;Bradley;1990-04-16;wbradleyp8@i2i.jp;1-(141)628-5526;2767 Charing Cross Alley
Virginia;Hunt;1997-01-01;vhuntp9@miibeian.gov.cn;297-(850)803-4672;00813 Stephen Plaza
Howard;Pierce;1990-08-20;hpiercepa@gmpg.org;7-(202)849-8766;3 Mandrake Pass
Sharon;Kelly;1995-05-05;skellypb@gravatar.com;385-(286)685-6554;512 Emmet Court
Shawn;Lynch;1980-06-02;slynchpc@networksolutions.com;86-(111)140-7937;0 Ramsey Point
Ann;Vasquez;1983-04-01;avasquezpd@dion.ne.jp;7-(622)784-6383;871 Manitowish Place
Linda;Peters;1995-10-11;lpeterspe@nifty.com;86-(171)740-6452;75 Rieder Place
Mary;Allen;1996-11-07;mallenpf@etsy.com;7-(925)769-7616;4 Melby Alley
Robin;Watson;1996-06-14;rwatsonpg@weibo.com;30-(624)448-3799;6 Park Meadow Pass
Cheryl;Medina;1990-09-19;cmedinaph@gizmodo.com;7-(838)630-2221;25268 Meadow Valley Parkway
Tina;Hanson;1991-04-27;thansonpi@usnews.com;62-(275)529-7221;09 Lakewood Plaza
Edward;Holmes;1983-04-20;eholmespj@wunderground.com;963-(839)163-9753;9 Maple Trail
Robert;Martinez;1992-10-14;rmartinezpk@accuweather.com;86-(365)229-6838;230 Helena Circle
Irene;Fernandez;1981-08-06;ifernandezpl@loc.gov;48-(608)450-3673;9 North Way
Melissa;Lopez;1987-03-06;mlopezpm@marriott.com;507-(422)946-0478;92 Anhalt Plaza
Anthony;Black;1989-03-30;ablackpn@baidu.com;55-(810)442-9837;38013 Nova Alley
Judith;Armstrong;1995-12-17;jarmstrongpo@prnewswire.com;233-(781)322-9148;40 Wayridge Point
Brenda;Scott;1983-07-03;bscottpp@usa.gov;269-(729)292-3161;82 Melvin Plaza
Jimmy;Patterson;1990-05-04;jpattersonpq@icio.us;86-(990)547-0397;71 Carioca Park
Jean;Garrett;1997-06-27;jgarrettpr@constantcontact.com;351-(552)478-6197;68505 Arapahoe Avenue
Bobby;Alexander;1998-03-15;balexanderps@google.com.au;226-(536)809-7421;9774 Susan Parkway
Frances;Hart;1986-04-29;fhartpt@telegraph.co.uk;242-(488)478-7272;2 East Drive
Adam;Garcia;1988-06-01;agarciapu@illinois.edu;237-(211)707-4816;1 Village Green Trail
Kimberly;Bishop;1982-08-06;kbishoppv@mozilla.com;7-(182)226-3339;792 Dayton Junction
Richard;Payne;1985-10-18;rpaynepw@networkadvertising.org;62-(641)321-8745;81388 Brown Road
Samuel;Jackson;1992-08-30;sjacksonpx@gravatar.com;49-(786)608-7016;30509 Parkside Drive
George;Lynch;1992-10-20;glynchpy@usgs.gov;62-(975)940-3347;33 Sutherland Court
Jessica;Woods;1996-05-23;jwoodspz@netvibes.com;66-(284)750-6882;71573 Aberg Circle
Jimmy;George;1986-09-05;jgeorgeq0@nymag.com;62-(802)916-4360;5 Blaine Avenue
Albert;Henry;1987-03-13;ahenryq1@apache.org;63-(796)505-4388;3728 Green Street
Pamela;Richardson;1999-06-04;prichardsonq2@topsy.com;46-(849)884-2027;86 Messerschmidt Alley
Mary;Grant;1989-04-01;mgrantq3@typepad.com;234-(471)427-3004;2460 Jackson Avenue
Willie;Gardner;1999-02-15;wgardnerq4@marriott.com;216-(605)717-2961;235 Delaware Drive
Aaron;Coleman;1995-06-29;acolemanq5@cloudflare.com;54-(147)788-3824;1450 Elka Place
Kathryn;Rose;1992-09-05;kroseq6@yale.edu;33-(167)400-9280;789 Dryden Center
Sara;Hayes;1989-03-06;shayesq7@utexas.edu;62-(281)323-2777;1216 Beilfuss Center
Julie;Hart;1990-08-13;jhartq8@storify.com;51-(552)131-2447;87 North Place
Roger;Perry;1985-04-06;rperryq9@dell.com;351-(398)926-3572;9 Browning Trail
Debra;Medina;1992-05-27;dmedinaqa@uiuc.edu;420-(275)567-4945;24 Myrtle Alley
Charles;Chavez;1989-07-08;cchavezqb@lycos.com;359-(973)917-3020;914 Arizona Terrace
Joseph;Gilbert;1983-09-14;jgilbertqc@imageshack.us;84-(675)838-8280;2 Anthes Plaza
Alan;Reynolds;1989-10-12;areynoldsqd@sogou.com;264-(424)372-0115;35559 Di Loreto Pass
Harry;Porter;1997-01-12;hporterqe@geocities.jp;593-(302)606-3838;9622 Manufacturers Hill
Louise;Dunn;1997-07-08;ldunnqf@friendfeed.com;351-(806)895-5272;7 Knutson Avenue
Ryan;Perez;1992-06-28;rperezqg@adobe.com;62-(103)562-5436;1 Delladonna Alley
Jeremy;Parker;1982-12-19;jparkerqh@jugem.jp;385-(982)705-7875;7 Menomonie Avenue
Paul;Marshall;1981-04-23;pmarshallqi@wsj.com;86-(244)725-8295;1964 Lukken Hill
Kathryn;Collins;1998-11-24;kcollinsqj@ibm.com;1-(434)608-8624;691 Cherokee Junction
Catherine;Hudson;1987-05-18;chudsonqk@hao123.com;7-(861)689-3158;431 Bartillon Alley
Michael;Collins;1985-01-14;mcollinsql@tiny.cc;86-(286)401-7485;9902 Johnson Center
Donna;Powell;1990-12-19;dpowellqm@boston.com;60-(657)833-0095;78 Old Gate Way
Nicholas;Harris;1984-06-23;nharrisqn@friendfeed.com;504-(654)431-0861;423 Crescent Oaks Terrace
Ruby;Sullivan;2000-01-06;rsullivanqo@wiley.com;86-(101)963-7045;49 Kedzie Place
Alice;Garcia;1990-11-09;agarciaqp@youtube.com;86-(166)365-7964;38 Redwing Road
Theresa;Fowler;1985-04-06;tfowlerqq@amazon.de;48-(613)387-0293;9071 Farragut Terrace
Antonio;Fuller;1982-07-29;afullerqr@deliciousdays.com;46-(145)731-3904;453 Pleasure Park
Arthur;Bell;1988-02-14;abellqs@netscape.com;504-(584)191-7895;69 Anthes Drive
Douglas;Williamson;1998-08-01;dwilliamsonqt@mtv.com;86-(955)503-0850;669 Anzinger Place
Rachel;Mcdonald;1984-04-02;rmcdonaldqu@friendfeed.com;55-(900)469-2993;9631 Riverside Parkway
Evelyn;Harris;1989-08-12;eharrisqv@scribd.com;86-(960)101-5911;466 Coleman Crossing
Joe;Patterson;1986-03-19;jpattersonqw@bluehost.com;63-(548)806-7792;92 Pankratz Court
Gloria;Sanders;1985-12-29;gsandersqx@sitemeter.com;7-(632)983-6730;4 Norway Maple Pass
Harold;Collins;1989-12-03;hcollinsqy@livejournal.com;86-(182)385-9015;5 Roth Pass
Frances;Elliott;1991-05-16;felliottqz@lycos.com;54-(179)840-1032;261 Sauthoff Pass
James;Howard;1993-07-07;jhowardr0@bbb.org;86-(734)590-7093;65 Buhler Drive
Julia;Hall;1995-12-31;jhallr1@technorati.com;502-(951)200-1598;4 Pepper Wood Lane
Paul;Elliott;1990-02-19;pelliottr2@ibm.com;46-(260)776-8489;21599 High Crossing Point
Julia;Gardner;1991-05-02;jgardnerr3@rakuten.co.jp;7-(622)317-6995;1 Upham Plaza
Diana;Jones;1981-08-08;djonesr4@com.com;86-(716)690-1381;02928 Anderson Hill
Howard;Morgan;1986-02-24;hmorganr5@abc.net.au;46-(106)261-9012;2 Toban Park
Roy;Dunn;1995-10-09;rdunnr6@springer.com;502-(748)518-2970;3 Eastlawn Street
Juan;Pierce;1997-12-31;jpiercer7@icio.us;86-(871)831-5918;2 Arkansas Trail
Judith;Mason;1985-07-14;jmasonr8@diigo.com;351-(587)987-4790;87748 Pawling Terrace
Nancy;Moreno;1986-04-14;nmorenor9@tmall.com;66-(965)315-0924;77 Kipling Parkway
Lisa;Sullivan;1996-10-19;lsullivanra@craigslist.org;62-(243)334-6708;6 Talisman Plaza
Kenneth;Myers;1981-03-07;kmyersrb@oracle.com;352-(846)472-5196;65 Loftsgordon Hill
Louise;Bradley;1984-01-22;lbradleyrc@dedecms.com;86-(276)978-4268;12110 Drewry Junction
Juan;Mason;1999-11-06;jmasonrd@jigsy.com;62-(393)416-4253;17 Oxford Plaza
Phyllis;Spencer;1994-10-13;pspencerre@senate.gov;7-(877)988-3285;1 Village Green Junction
Walter;King;1991-04-02;wkingrf@amazon.co.jp;62-(248)549-4447;0620 Hermina Park
Jimmy;Watkins;1983-10-20;jwatkinsrg@theguardian.com;62-(208)756-5707;572 Manufacturers Pass
Gregory;Sims;1997-12-28;gsimsrh@gizmodo.com;55-(300)110-6246;05565 Dayton Parkway
Raymond;Thomas;1982-08-17;rthomasri@scribd.com;57-(488)690-1993;410 Quincy Parkway
Janet;Banks;1980-06-17;jbanksrj@ftc.gov;54-(396)207-3011;17238 Algoma Junction
Nancy;Jordan;1998-07-20;njordanrk@wikimedia.org;86-(427)351-3495;10 Homewood Pass
Fred;Garcia;1990-11-14;fgarciarl@tripod.com;382-(141)684-8926;2 Oneill Place
Ronald;Sullivan;1982-01-20;rsullivanrm@go.com;227-(690)456-9319;75 Kingsford Point
Teresa;Greene;1991-01-17;tgreenern@ebay.com;62-(915)887-3407;82 Summit Circle
Tammy;Day;1980-08-22;tdayro@eventbrite.com;55-(310)492-8290;372 Starling Way
Harold;Pierce;1996-02-07;hpiercerp@amazon.co.jp;51-(859)390-0464;97219 Caliangt Junction
Anthony;Fisher;1986-08-09;afisherrq@mediafire.com;63-(512)764-8143;69 Bluestem Place
Clarence;Perez;1994-01-19;cperezrr@cpanel.net;52-(135)807-1124;3124 Bartillon Point
